--
-- PostgreSQL database dump
--

-- Dumped from database version 14.9 (Ubuntu 14.9-1.pgdg20.04+1)
-- Dumped by pg_dump version 15.2

SET statement_timeout = 0;
SET lock_timeout = 0;
SET idle_in_transaction_session_timeout = 0;
SET client_encoding = 'UTF8';
SET standard_conforming_strings = on;
SELECT pg_catalog.set_config('search_path', '', false);
SET check_function_bodies = false;
SET xmloption = content;
SET client_min_messages = warning;
SET row_security = off;

--
-- Name: heroku_ext; Type: SCHEMA; Schema: -; Owner: u30jq5j7d9q8pu
--

CREATE SCHEMA heroku_ext;


ALTER SCHEMA heroku_ext OWNER TO u30jq5j7d9q8pu;

--
-- Name: public; Type: SCHEMA; Schema: -; Owner: poktwcytjzkyew
--

-- *not* creating schema, since initdb creates it


ALTER SCHEMA public OWNER TO poktwcytjzkyew;

--
-- Name: pg_stat_statements; Type: EXTENSION; Schema: -; Owner: -
--

CREATE EXTENSION IF NOT EXISTS pg_stat_statements WITH SCHEMA heroku_ext;


--
-- Name: EXTENSION pg_stat_statements; Type: COMMENT; Schema: -; Owner: 
--

COMMENT ON EXTENSION pg_stat_statements IS 'track planning and execution statistics of all SQL statements executed';


SET default_tablespace = '';

SET default_table_access_method = heap;

--
-- Name: category; Type: TABLE; Schema: public; Owner: poktwcytjzkyew
--

CREATE TABLE public.category (
    id integer NOT NULL,
    name character varying(200) NOT NULL
);


ALTER TABLE public.category OWNER TO poktwcytjzkyew;

--
-- Name: category_id_seq; Type: SEQUENCE; Schema: public; Owner: poktwcytjzkyew
--

CREATE SEQUENCE public.category_id_seq
    AS integer
    START WITH 1
    INCREMENT BY 1
    NO MINVALUE
    NO MAXVALUE
    CACHE 1;


ALTER TABLE public.category_id_seq OWNER TO poktwcytjzkyew;

--
-- Name: category_id_seq; Type: SEQUENCE OWNED BY; Schema: public; Owner: poktwcytjzkyew
--

ALTER SEQUENCE public.category_id_seq OWNED BY public.category.id;


--
-- Name: duel; Type: TABLE; Schema: public; Owner: poktwcytjzkyew
--

CREATE TABLE public.duel (
    id integer NOT NULL,
    notice character varying(10000),
    date_duel timestamp with time zone,
    season_id integer,
    round_id integer
);


ALTER TABLE public.duel OWNER TO poktwcytjzkyew;

--
-- Name: duel_id_seq; Type: SEQUENCE; Schema: public; Owner: poktwcytjzkyew
--

CREATE SEQUENCE public.duel_id_seq
    AS integer
    START WITH 1
    INCREMENT BY 1
    NO MINVALUE
    NO MAXVALUE
    CACHE 1;


ALTER TABLE public.duel_id_seq OWNER TO poktwcytjzkyew;

--
-- Name: duel_id_seq; Type: SEQUENCE OWNED BY; Schema: public; Owner: poktwcytjzkyew
--

ALTER SEQUENCE public.duel_id_seq OWNED BY public.duel.id;


--
-- Name: duel_id_seq1; Type: SEQUENCE; Schema: public; Owner: poktwcytjzkyew
--

ALTER TABLE public.duel ALTER COLUMN id ADD GENERATED BY DEFAULT AS IDENTITY (
    SEQUENCE NAME public.duel_id_seq1
    START WITH 201
    INCREMENT BY 1
    NO MINVALUE
    NO MAXVALUE
    CACHE 1
);


--
-- Name: events; Type: TABLE; Schema: public; Owner: poktwcytjzkyew
--

CREATE TABLE public.events (
    id integer NOT NULL,
    title character varying(250) NOT NULL,
    start_event timestamp with time zone,
    end_event timestamp with time zone,
    user_id integer NOT NULL
);


ALTER TABLE public.events OWNER TO poktwcytjzkyew;

--
-- Name: events_id_seq; Type: SEQUENCE; Schema: public; Owner: poktwcytjzkyew
--

CREATE SEQUENCE public.events_id_seq
    AS integer
    START WITH 1
    INCREMENT BY 1
    NO MINVALUE
    NO MAXVALUE
    CACHE 1;


ALTER TABLE public.events_id_seq OWNER TO poktwcytjzkyew;

--
-- Name: events_id_seq; Type: SEQUENCE OWNED BY; Schema: public; Owner: poktwcytjzkyew
--

ALTER SEQUENCE public.events_id_seq OWNED BY public.events.id;


--
-- Name: groupz; Type: TABLE; Schema: public; Owner: poktwcytjzkyew
--

CREATE TABLE public.groupz (
    id integer NOT NULL,
    name character varying(300),
    shorts text,
    season_id integer,
    round_id integer
);


ALTER TABLE public.groupz OWNER TO poktwcytjzkyew;

--
-- Name: groupz_id_seq; Type: SEQUENCE; Schema: public; Owner: poktwcytjzkyew
--

CREATE SEQUENCE public.groupz_id_seq
    AS integer
    START WITH 1
    INCREMENT BY 1
    NO MINVALUE
    NO MAXVALUE
    CACHE 1;


ALTER TABLE public.groupz_id_seq OWNER TO poktwcytjzkyew;

--
-- Name: groupz_id_seq; Type: SEQUENCE OWNED BY; Schema: public; Owner: poktwcytjzkyew
--

ALTER SEQUENCE public.groupz_id_seq OWNED BY public.groupz.id;


--
-- Name: groupz_id_seq1; Type: SEQUENCE; Schema: public; Owner: poktwcytjzkyew
--

ALTER TABLE public.groupz ALTER COLUMN id ADD GENERATED BY DEFAULT AS IDENTITY (
    SEQUENCE NAME public.groupz_id_seq1
    START WITH 18
    INCREMENT BY 1
    NO MINVALUE
    NO MAXVALUE
    CACHE 1
);


--
-- Name: measures_measure_id_seq; Type: SEQUENCE; Schema: public; Owner: poktwcytjzkyew
--

CREATE SEQUENCE public.measures_measure_id_seq
    START WITH 1
    INCREMENT BY 1
    NO MINVALUE
    NO MAXVALUE
    CACHE 1;


ALTER TABLE public.measures_measure_id_seq OWNER TO poktwcytjzkyew;

--
-- Name: measures_measure_id_seq; Type: SEQUENCE OWNED BY; Schema: public; Owner: poktwcytjzkyew
--

ALTER SEQUENCE public.measures_measure_id_seq OWNED BY public.duel.id;


--
-- Name: member; Type: TABLE; Schema: public; Owner: poktwcytjzkyew
--

CREATE TABLE public.member (
    id integer NOT NULL,
    name character varying(250) NOT NULL,
    phone character varying(250) NOT NULL,
    address character varying(250) NOT NULL,
    psc character varying(250) NOT NULL,
    city character varying(250) NOT NULL,
    image_file character varying(20) NOT NULL,
    weight integer,
    height integer,
    user_id integer NOT NULL
);


ALTER TABLE public.member OWNER TO poktwcytjzkyew;

--
-- Name: member_id_seq; Type: SEQUENCE; Schema: public; Owner: poktwcytjzkyew
--

CREATE SEQUENCE public.member_id_seq
    AS integer
    START WITH 1
    INCREMENT BY 1
    NO MINVALUE
    NO MAXVALUE
    CACHE 1;


ALTER TABLE public.member_id_seq OWNER TO poktwcytjzkyew;

--
-- Name: member_id_seq; Type: SEQUENCE OWNED BY; Schema: public; Owner: poktwcytjzkyew
--

ALTER SEQUENCE public.member_id_seq OWNED BY public.member.id;


--
-- Name: note; Type: TABLE; Schema: public; Owner: poktwcytjzkyew
--

CREATE TABLE public.note (
    id integer NOT NULL,
    data character varying(10000),
    date_time timestamp with time zone,
    user_id integer
);


ALTER TABLE public.note OWNER TO poktwcytjzkyew;

--
-- Name: note_id_seq; Type: SEQUENCE; Schema: public; Owner: poktwcytjzkyew
--

CREATE SEQUENCE public.note_id_seq
    AS integer
    START WITH 1
    INCREMENT BY 1
    NO MINVALUE
    NO MAXVALUE
    CACHE 1;


ALTER TABLE public.note_id_seq OWNER TO poktwcytjzkyew;

--
-- Name: note_id_seq; Type: SEQUENCE OWNED BY; Schema: public; Owner: poktwcytjzkyew
--

ALTER SEQUENCE public.note_id_seq OWNED BY public.note.id;


--
-- Name: openhour; Type: TABLE; Schema: public; Owner: poktwcytjzkyew
--

CREATE TABLE public.openhour (
    id integer NOT NULL,
    notice character varying(500),
    oh_from timestamp with time zone,
    oh_to timestamp with time zone,
    duel_id integer
);


ALTER TABLE public.openhour OWNER TO poktwcytjzkyew;

--
-- Name: openhour_id_seq; Type: SEQUENCE; Schema: public; Owner: poktwcytjzkyew
--

CREATE SEQUENCE public.openhour_id_seq
    AS integer
    START WITH 1
    INCREMENT BY 1
    NO MINVALUE
    NO MAXVALUE
    CACHE 1;


ALTER TABLE public.openhour_id_seq OWNER TO poktwcytjzkyew;

--
-- Name: openhour_id_seq; Type: SEQUENCE OWNED BY; Schema: public; Owner: poktwcytjzkyew
--

ALTER SEQUENCE public.openhour_id_seq OWNED BY public.openhour.id;


--
-- Name: order; Type: TABLE; Schema: public; Owner: poktwcytjzkyew
--

CREATE TABLE public."order" (
    id integer NOT NULL,
    produc_id integer NOT NULL,
    quantity integer,
    amount numeric(10,2) NOT NULL,
    user_id integer NOT NULL,
    is_paid boolean,
    order_date timestamp without time zone NOT NULL,
    storno boolean,
    stripe_subscription_id character varying(255)
);


ALTER TABLE public."order" OWNER TO poktwcytjzkyew;

--
-- Name: order_id_seq; Type: SEQUENCE; Schema: public; Owner: poktwcytjzkyew
--

CREATE SEQUENCE public.order_id_seq
    AS integer
    START WITH 1
    INCREMENT BY 1
    NO MINVALUE
    NO MAXVALUE
    CACHE 1;


ALTER TABLE public.order_id_seq OWNER TO poktwcytjzkyew;

--
-- Name: order_id_seq; Type: SEQUENCE OWNED BY; Schema: public; Owner: poktwcytjzkyew
--

ALTER SEQUENCE public.order_id_seq OWNED BY public."order".id;


--
-- Name: payment_cards; Type: TABLE; Schema: public; Owner: poktwcytjzkyew
--

CREATE TABLE public.payment_cards (
    id integer NOT NULL,
    card_number character varying(16) NOT NULL,
    expiration_date date NOT NULL,
    cvc character varying(3) NOT NULL,
    user_id integer
);


ALTER TABLE public.payment_cards OWNER TO poktwcytjzkyew;

--
-- Name: payment_cards_id_seq; Type: SEQUENCE; Schema: public; Owner: poktwcytjzkyew
--

CREATE SEQUENCE public.payment_cards_id_seq
    AS integer
    START WITH 1
    INCREMENT BY 1
    NO MINVALUE
    NO MAXVALUE
    CACHE 1;


ALTER TABLE public.payment_cards_id_seq OWNER TO poktwcytjzkyew;

--
-- Name: payment_cards_id_seq; Type: SEQUENCE OWNED BY; Schema: public; Owner: poktwcytjzkyew
--

ALTER SEQUENCE public.payment_cards_id_seq OWNED BY public.payment_cards.id;


--
-- Name: payment_method; Type: TABLE; Schema: public; Owner: poktwcytjzkyew
--

CREATE TABLE public.payment_method (
    id integer NOT NULL,
    user_id integer NOT NULL,
    card_token character varying(255) NOT NULL
);


ALTER TABLE public.payment_method OWNER TO poktwcytjzkyew;

--
-- Name: payment_method_id_seq; Type: SEQUENCE; Schema: public; Owner: poktwcytjzkyew
--

CREATE SEQUENCE public.payment_method_id_seq
    AS integer
    START WITH 1
    INCREMENT BY 1
    NO MINVALUE
    NO MAXVALUE
    CACHE 1;


ALTER TABLE public.payment_method_id_seq OWNER TO poktwcytjzkyew;

--
-- Name: payment_method_id_seq; Type: SEQUENCE OWNED BY; Schema: public; Owner: poktwcytjzkyew
--

ALTER SEQUENCE public.payment_method_id_seq OWNED BY public.payment_method.id;


--
-- Name: position; Type: TABLE; Schema: public; Owner: poktwcytjzkyew
--

CREATE TABLE public."position" (
    id integer NOT NULL,
    name character varying(180)
);


ALTER TABLE public."position" OWNER TO poktwcytjzkyew;

--
-- Name: position_id_seq; Type: SEQUENCE; Schema: public; Owner: poktwcytjzkyew
--

CREATE SEQUENCE public.position_id_seq
    AS integer
    START WITH 1
    INCREMENT BY 1
    NO MINVALUE
    NO MAXVALUE
    CACHE 1;


ALTER TABLE public.position_id_seq OWNER TO poktwcytjzkyew;

--
-- Name: position_id_seq; Type: SEQUENCE OWNED BY; Schema: public; Owner: poktwcytjzkyew
--

ALTER SEQUENCE public.position_id_seq OWNED BY public."position".id;


--
-- Name: positions_members; Type: TABLE; Schema: public; Owner: poktwcytjzkyew
--

CREATE TABLE public.positions_members (
    member_id integer,
    position_id integer
);


ALTER TABLE public.positions_members OWNER TO poktwcytjzkyew;

--
-- Name: post; Type: TABLE; Schema: public; Owner: poktwcytjzkyew
--

CREATE TABLE public.post (
    id integer NOT NULL,
    title character varying(100) NOT NULL,
    date_posted timestamp without time zone NOT NULL,
    content text NOT NULL,
    user_id integer NOT NULL,
    category_id integer NOT NULL
);


ALTER TABLE public.post OWNER TO poktwcytjzkyew;

--
-- Name: post_gallery; Type: TABLE; Schema: public; Owner: poktwcytjzkyew
--

CREATE TABLE public.post_gallery (
    id integer NOT NULL,
    title character varying(100) NOT NULL,
    image_file2 character varying(30) NOT NULL,
    orderz integer,
    post_id integer NOT NULL
);


ALTER TABLE public.post_gallery OWNER TO poktwcytjzkyew;

--
-- Name: post_gallery_id_seq; Type: SEQUENCE; Schema: public; Owner: poktwcytjzkyew
--

CREATE SEQUENCE public.post_gallery_id_seq
    AS integer
    START WITH 1
    INCREMENT BY 1
    NO MINVALUE
    NO MAXVALUE
    CACHE 1;


ALTER TABLE public.post_gallery_id_seq OWNER TO poktwcytjzkyew;

--
-- Name: post_gallery_id_seq; Type: SEQUENCE OWNED BY; Schema: public; Owner: poktwcytjzkyew
--

ALTER SEQUENCE public.post_gallery_id_seq OWNED BY public.post_gallery.id;


--
-- Name: post_id_seq; Type: SEQUENCE; Schema: public; Owner: poktwcytjzkyew
--

CREATE SEQUENCE public.post_id_seq
    AS integer
    START WITH 1
    INCREMENT BY 1
    NO MINVALUE
    NO MAXVALUE
    CACHE 1;


ALTER TABLE public.post_id_seq OWNER TO poktwcytjzkyew;

--
-- Name: post_id_seq; Type: SEQUENCE OWNED BY; Schema: public; Owner: poktwcytjzkyew
--

ALTER SEQUENCE public.post_id_seq OWNED BY public.post.id;


--
-- Name: product; Type: TABLE; Schema: public; Owner: poktwcytjzkyew
--

CREATE TABLE public.product (
    id integer NOT NULL,
    title character varying(100) NOT NULL,
    date_posted timestamp without time zone NOT NULL,
    content text NOT NULL,
    user_id integer NOT NULL,
    is_visible boolean,
    price numeric(10,2) NOT NULL,
    old_price numeric(10,2) NOT NULL,
    product_category_id integer NOT NULL,
    stripe_link character varying,
    youtube_link character varying
);


ALTER TABLE public.product OWNER TO poktwcytjzkyew;

--
-- Name: product_category; Type: TABLE; Schema: public; Owner: poktwcytjzkyew
--

CREATE TABLE public.product_category (
    id integer NOT NULL,
    name character varying(200) NOT NULL
);


ALTER TABLE public.product_category OWNER TO poktwcytjzkyew;

--
-- Name: product_category_id_seq; Type: SEQUENCE; Schema: public; Owner: poktwcytjzkyew
--

CREATE SEQUENCE public.product_category_id_seq
    AS integer
    START WITH 1
    INCREMENT BY 1
    NO MINVALUE
    NO MAXVALUE
    CACHE 1;


ALTER TABLE public.product_category_id_seq OWNER TO poktwcytjzkyew;

--
-- Name: product_category_id_seq; Type: SEQUENCE OWNED BY; Schema: public; Owner: poktwcytjzkyew
--

ALTER SEQUENCE public.product_category_id_seq OWNED BY public.product_category.id;


--
-- Name: product_gallery; Type: TABLE; Schema: public; Owner: poktwcytjzkyew
--

CREATE TABLE public.product_gallery (
    id integer NOT NULL,
    title character varying(100) NOT NULL,
    image_file2 character varying(30) NOT NULL,
    orderz integer,
    product_id integer NOT NULL
);


ALTER TABLE public.product_gallery OWNER TO poktwcytjzkyew;

--
-- Name: product_gallery_id_seq; Type: SEQUENCE; Schema: public; Owner: poktwcytjzkyew
--

CREATE SEQUENCE public.product_gallery_id_seq
    AS integer
    START WITH 1
    INCREMENT BY 1
    NO MINVALUE
    NO MAXVALUE
    CACHE 1;


ALTER TABLE public.product_gallery_id_seq OWNER TO poktwcytjzkyew;

--
-- Name: product_gallery_id_seq; Type: SEQUENCE OWNED BY; Schema: public; Owner: poktwcytjzkyew
--

ALTER SEQUENCE public.product_gallery_id_seq OWNED BY public.product_gallery.id;


--
-- Name: product_id_seq; Type: SEQUENCE; Schema: public; Owner: poktwcytjzkyew
--

CREATE SEQUENCE public.product_id_seq
    AS integer
    START WITH 1
    INCREMENT BY 1
    NO MINVALUE
    NO MAXVALUE
    CACHE 1;


ALTER TABLE public.product_id_seq OWNER TO poktwcytjzkyew;

--
-- Name: product_id_seq; Type: SEQUENCE OWNED BY; Schema: public; Owner: poktwcytjzkyew
--

ALTER SEQUENCE public.product_id_seq OWNED BY public.product.id;


--
-- Name: role; Type: TABLE; Schema: public; Owner: poktwcytjzkyew
--

CREATE TABLE public.role (
    id integer NOT NULL,
    name character varying(180)
);


ALTER TABLE public.role OWNER TO poktwcytjzkyew;

--
-- Name: role_id_seq; Type: SEQUENCE; Schema: public; Owner: poktwcytjzkyew
--

CREATE SEQUENCE public.role_id_seq
    AS integer
    START WITH 1
    INCREMENT BY 1
    NO MINVALUE
    NO MAXVALUE
    CACHE 1;


ALTER TABLE public.role_id_seq OWNER TO poktwcytjzkyew;

--
-- Name: role_id_seq; Type: SEQUENCE OWNED BY; Schema: public; Owner: poktwcytjzkyew
--

ALTER SEQUENCE public.role_id_seq OWNED BY public.role.id;


--
-- Name: roles_members; Type: TABLE; Schema: public; Owner: poktwcytjzkyew
--

CREATE TABLE public.roles_members (
    member_id integer,
    role_id integer
);


ALTER TABLE public.roles_members OWNER TO poktwcytjzkyew;

--
-- Name: roles_users; Type: TABLE; Schema: public; Owner: poktwcytjzkyew
--

CREATE TABLE public.roles_users (
    user_id integer,
    role_id integer
);


ALTER TABLE public.roles_users OWNER TO poktwcytjzkyew;

--
-- Name: round; Type: TABLE; Schema: public; Owner: poktwcytjzkyew
--

CREATE TABLE public.round (
    id integer NOT NULL,
    season_id integer,
    open boolean DEFAULT true,
    round_start timestamp with time zone DEFAULT CURRENT_TIMESTAMP
);


ALTER TABLE public.round OWNER TO poktwcytjzkyew;

--
-- Name: round_id_seq; Type: SEQUENCE; Schema: public; Owner: poktwcytjzkyew
--

CREATE SEQUENCE public.round_id_seq
    AS integer
    START WITH 1
    INCREMENT BY 1
    NO MINVALUE
    NO MAXVALUE
    CACHE 1;


ALTER TABLE public.round_id_seq OWNER TO poktwcytjzkyew;

--
-- Name: round_id_seq; Type: SEQUENCE OWNED BY; Schema: public; Owner: poktwcytjzkyew
--

ALTER SEQUENCE public.round_id_seq OWNED BY public.round.id;


--
-- Name: season; Type: TABLE; Schema: public; Owner: poktwcytjzkyew
--

CREATE TABLE public.season (
    id integer NOT NULL,
    name character varying(300),
    season_from timestamp with time zone,
    season_to timestamp with time zone,
    open boolean DEFAULT false,
    no_group integer,
    no_round integer,
    winner_points integer,
    user_id integer,
    min_players integer
);


ALTER TABLE public.season OWNER TO poktwcytjzkyew;

--
-- Name: season_id_seq; Type: SEQUENCE; Schema: public; Owner: poktwcytjzkyew
--

CREATE SEQUENCE public.season_id_seq
    AS integer
    START WITH 1
    INCREMENT BY 1
    NO MINVALUE
    NO MAXVALUE
    CACHE 1;


ALTER TABLE public.season_id_seq OWNER TO poktwcytjzkyew;

--
-- Name: season_id_seq; Type: SEQUENCE OWNED BY; Schema: public; Owner: poktwcytjzkyew
--

ALTER SEQUENCE public.season_id_seq OWNED BY public.season.id;


--
-- Name: team; Type: TABLE; Schema: public; Owner: poktwcytjzkyew
--

CREATE TABLE public.team (
    id integer NOT NULL,
    name character varying(250) NOT NULL,
    score_scrap character varying(250) NOT NULL,
    player_list_scrap character varying(250) NOT NULL
);


ALTER TABLE public.team OWNER TO poktwcytjzkyew;

--
-- Name: team_id_seq; Type: SEQUENCE; Schema: public; Owner: poktwcytjzkyew
--

CREATE SEQUENCE public.team_id_seq
    AS integer
    START WITH 1
    INCREMENT BY 1
    NO MINVALUE
    NO MAXVALUE
    CACHE 1;


ALTER TABLE public.team_id_seq OWNER TO poktwcytjzkyew;

--
-- Name: team_id_seq; Type: SEQUENCE OWNED BY; Schema: public; Owner: poktwcytjzkyew
--

ALTER SEQUENCE public.team_id_seq OWNED BY public.team.id;


--
-- Name: teams_members; Type: TABLE; Schema: public; Owner: poktwcytjzkyew
--

CREATE TABLE public.teams_members (
    member_id integer,
    team_id integer
);


ALTER TABLE public.teams_members OWNER TO poktwcytjzkyew;

--
-- Name: user_id_seq; Type: SEQUENCE; Schema: public; Owner: poktwcytjzkyew
--

CREATE SEQUENCE public.user_id_seq
    AS integer
    START WITH 1
    INCREMENT BY 1
    NO MINVALUE
    NO MAXVALUE
    CACHE 1;


ALTER TABLE public.user_id_seq OWNER TO poktwcytjzkyew;

--
-- Name: user_id_seq; Type: SEQUENCE OWNED BY; Schema: public; Owner: poktwcytjzkyew
--

ALTER SEQUENCE public.user_id_seq OWNED BY public.groupz.id;


--
-- Name: user; Type: TABLE; Schema: public; Owner: poktwcytjzkyew
--

CREATE TABLE public."user" (
    id integer DEFAULT nextval('public.user_id_seq'::regclass) NOT NULL,
    email character varying(150),
    password character varying(150),
    first_name character varying(150),
    orderz integer,
    authenticated boolean DEFAULT false,
    confirm boolean DEFAULT false,
    stripe_subscription_id character varying(255)
);


ALTER TABLE public."user" OWNER TO poktwcytjzkyew;

--
-- Name: user_duel; Type: TABLE; Schema: public; Owner: poktwcytjzkyew
--

CREATE TABLE public.user_duel (
    user_id integer,
    duel_id integer,
    result integer,
    against integer,
    points integer,
    checked character varying,
    notez integer,
    addons integer
);


ALTER TABLE public.user_duel OWNER TO poktwcytjzkyew;

--
-- Name: user_group; Type: TABLE; Schema: public; Owner: poktwcytjzkyew
--

CREATE TABLE public.user_group (
    user_id integer,
    groupz_id integer,
    season_id integer,
    round_id integer
);


ALTER TABLE public.user_group OWNER TO poktwcytjzkyew;

--
-- Name: user_id_seq2; Type: SEQUENCE; Schema: public; Owner: poktwcytjzkyew
--

CREATE SEQUENCE public.user_id_seq2
    START WITH 1
    INCREMENT BY 1
    NO MINVALUE
    NO MAXVALUE
    CACHE 1;


ALTER TABLE public.user_id_seq2 OWNER TO poktwcytjzkyew;

--
-- Name: user_id_seq2; Type: SEQUENCE OWNED BY; Schema: public; Owner: poktwcytjzkyew
--

ALTER SEQUENCE public.user_id_seq2 OWNED BY public.groupz.id;


--
-- Name: user_season; Type: TABLE; Schema: public; Owner: poktwcytjzkyew
--

CREATE TABLE public.user_season (
    user_id integer,
    season_id integer,
    season_first_date timestamp with time zone,
    orderz integer
);


ALTER TABLE public.user_season OWNER TO poktwcytjzkyew;

--
-- Name: category id; Type: DEFAULT; Schema: public; Owner: poktwcytjzkyew
--

ALTER TABLE ONLY public.category ALTER COLUMN id SET DEFAULT nextval('public.category_id_seq'::regclass);


--
-- Name: events id; Type: DEFAULT; Schema: public; Owner: poktwcytjzkyew
--

ALTER TABLE ONLY public.events ALTER COLUMN id SET DEFAULT nextval('public.events_id_seq'::regclass);


--
-- Name: member id; Type: DEFAULT; Schema: public; Owner: poktwcytjzkyew
--

ALTER TABLE ONLY public.member ALTER COLUMN id SET DEFAULT nextval('public.member_id_seq'::regclass);


--
-- Name: note id; Type: DEFAULT; Schema: public; Owner: poktwcytjzkyew
--

ALTER TABLE ONLY public.note ALTER COLUMN id SET DEFAULT nextval('public.note_id_seq'::regclass);


--
-- Name: openhour id; Type: DEFAULT; Schema: public; Owner: poktwcytjzkyew
--

ALTER TABLE ONLY public.openhour ALTER COLUMN id SET DEFAULT nextval('public.openhour_id_seq'::regclass);


--
-- Name: order id; Type: DEFAULT; Schema: public; Owner: poktwcytjzkyew
--

ALTER TABLE ONLY public."order" ALTER COLUMN id SET DEFAULT nextval('public.order_id_seq'::regclass);


--
-- Name: payment_cards id; Type: DEFAULT; Schema: public; Owner: poktwcytjzkyew
--

ALTER TABLE ONLY public.payment_cards ALTER COLUMN id SET DEFAULT nextval('public.payment_cards_id_seq'::regclass);


--
-- Name: payment_method id; Type: DEFAULT; Schema: public; Owner: poktwcytjzkyew
--

ALTER TABLE ONLY public.payment_method ALTER COLUMN id SET DEFAULT nextval('public.payment_method_id_seq'::regclass);


--
-- Name: position id; Type: DEFAULT; Schema: public; Owner: poktwcytjzkyew
--

ALTER TABLE ONLY public."position" ALTER COLUMN id SET DEFAULT nextval('public.position_id_seq'::regclass);


--
-- Name: post id; Type: DEFAULT; Schema: public; Owner: poktwcytjzkyew
--

ALTER TABLE ONLY public.post ALTER COLUMN id SET DEFAULT nextval('public.post_id_seq'::regclass);


--
-- Name: post_gallery id; Type: DEFAULT; Schema: public; Owner: poktwcytjzkyew
--

ALTER TABLE ONLY public.post_gallery ALTER COLUMN id SET DEFAULT nextval('public.post_gallery_id_seq'::regclass);


--
-- Name: product id; Type: DEFAULT; Schema: public; Owner: poktwcytjzkyew
--

ALTER TABLE ONLY public.product ALTER COLUMN id SET DEFAULT nextval('public.product_id_seq'::regclass);


--
-- Name: product_category id; Type: DEFAULT; Schema: public; Owner: poktwcytjzkyew
--

ALTER TABLE ONLY public.product_category ALTER COLUMN id SET DEFAULT nextval('public.product_category_id_seq'::regclass);


--
-- Name: product_gallery id; Type: DEFAULT; Schema: public; Owner: poktwcytjzkyew
--

ALTER TABLE ONLY public.product_gallery ALTER COLUMN id SET DEFAULT nextval('public.product_gallery_id_seq'::regclass);


--
-- Name: role id; Type: DEFAULT; Schema: public; Owner: poktwcytjzkyew
--

ALTER TABLE ONLY public.role ALTER COLUMN id SET DEFAULT nextval('public.role_id_seq'::regclass);


--
-- Name: round id; Type: DEFAULT; Schema: public; Owner: poktwcytjzkyew
--

ALTER TABLE ONLY public.round ALTER COLUMN id SET DEFAULT nextval('public.round_id_seq'::regclass);


--
-- Name: season id; Type: DEFAULT; Schema: public; Owner: poktwcytjzkyew
--

ALTER TABLE ONLY public.season ALTER COLUMN id SET DEFAULT nextval('public.season_id_seq'::regclass);


--
-- Name: team id; Type: DEFAULT; Schema: public; Owner: poktwcytjzkyew
--

ALTER TABLE ONLY public.team ALTER COLUMN id SET DEFAULT nextval('public.team_id_seq'::regclass);


--
-- Data for Name: category; Type: TABLE DATA; Schema: public; Owner: poktwcytjzkyew
--

COPY public.category (id, name) FROM stdin;
\.


--
-- Data for Name: duel; Type: TABLE DATA; Schema: public; Owner: poktwcytjzkyew
--

COPY public.duel (id, notice, date_duel, season_id, round_id) FROM stdin;
1	\N	2023-01-16 14:30:46.740645+00	1	1
2	\N	2023-01-16 14:30:46.772777+00	1	1
3	\N	2023-01-16 14:30:46.803357+00	1	1
4	\N	2023-01-16 14:30:46.834297+00	1	1
5	\N	2023-01-16 14:30:46.863976+00	1	1
6	\N	2023-01-16 14:30:46.89454+00	1	1
7	\N	2023-01-16 14:30:46.92537+00	1	1
8	\N	2023-01-16 14:30:46.95501+00	1	1
9	\N	2023-01-16 14:30:46.985339+00	1	1
10	\N	2023-01-16 14:30:47.017274+00	1	1
11	\N	2023-01-16 14:30:47.065998+00	1	1
12	\N	2023-01-16 14:30:47.096026+00	1	1
13	\N	2023-01-16 14:30:47.127359+00	1	1
14	\N	2023-01-16 14:30:47.159391+00	1	1
15	\N	2023-01-16 14:30:47.190563+00	1	1
16	\N	2023-01-16 14:30:47.220925+00	1	1
17	\N	2023-01-16 14:30:47.253042+00	1	1
18	\N	2023-01-16 14:30:47.283771+00	1	1
19	\N	2023-01-16 14:30:47.314388+00	1	1
20	\N	2023-01-16 14:30:47.346136+00	1	1
21	\N	2023-01-16 14:30:47.401137+00	1	1
22	\N	2023-01-16 14:30:47.433135+00	1	1
23	\N	2023-01-16 14:30:47.464161+00	1	1
24	\N	2023-01-16 14:30:47.494132+00	1	1
25	\N	2023-01-16 14:30:47.524584+00	1	1
26	\N	2023-01-16 14:30:47.555198+00	1	1
27	\N	2023-01-16 14:30:47.586699+00	1	1
28	\N	2023-01-16 14:30:47.617982+00	1	1
29	\N	2023-01-16 14:30:47.653389+00	1	1
30	\N	2023-01-16 14:30:47.686392+00	1	1
91	\N	2023-01-17 22:40:18.501763+00	1	1
92	\N	2023-01-17 22:40:18.532494+00	1	1
93	\N	2023-01-17 22:40:18.563069+00	1	1
94	\N	2023-01-17 22:40:18.59459+00	1	1
95	\N	2023-01-17 22:40:18.625683+00	1	1
96	\N	2023-01-17 22:40:18.655877+00	1	1
97	\N	2023-01-17 22:40:18.688264+00	1	1
98	\N	2023-01-17 22:40:18.719579+00	1	1
99	\N	2023-01-17 22:40:18.74974+00	1	1
100	\N	2023-01-17 22:40:18.78083+00	1	1
101	\N	2023-02-01 10:29:59.13633+00	1	2
102	\N	2023-02-01 10:29:59.171016+00	1	2
103	\N	2023-02-01 10:29:59.202818+00	1	2
104	\N	2023-02-01 10:29:59.234764+00	1	2
105	\N	2023-02-01 10:29:59.26565+00	1	2
106	\N	2023-02-01 10:29:59.296434+00	1	2
107	\N	2023-02-01 10:29:59.327557+00	1	2
108	\N	2023-02-01 10:29:59.358995+00	1	2
109	\N	2023-02-01 10:29:59.389783+00	1	2
110	\N	2023-02-01 10:29:59.421065+00	1	2
111	\N	2023-02-01 10:29:59.470132+00	1	2
112	\N	2023-02-01 10:29:59.500644+00	1	2
113	\N	2023-02-01 10:29:59.531807+00	1	2
114	\N	2023-02-01 10:29:59.562362+00	1	2
115	\N	2023-02-01 10:29:59.594399+00	1	2
116	\N	2023-02-01 10:29:59.625499+00	1	2
117	\N	2023-02-01 10:29:59.656345+00	1	2
118	\N	2023-02-01 10:29:59.686677+00	1	2
119	\N	2023-02-01 10:29:59.717229+00	1	2
120	\N	2023-02-01 10:29:59.748+00	1	2
121	\N	2023-02-01 10:29:59.807062+00	1	2
122	\N	2023-02-01 10:29:59.836786+00	1	2
123	\N	2023-02-01 10:29:59.870242+00	1	2
124	\N	2023-02-01 10:29:59.911117+00	1	2
125	\N	2023-02-01 10:29:59.941493+00	1	2
126	\N	2023-02-01 10:29:59.971422+00	1	2
127	\N	2023-02-01 10:30:00.00102+00	1	2
128	\N	2023-02-01 10:30:00.032692+00	1	2
129	\N	2023-02-01 10:30:00.062737+00	1	2
130	\N	2023-02-01 10:30:00.092243+00	1	2
131	\N	2023-02-01 10:30:00.154135+00	1	2
132	\N	2023-02-01 10:30:00.183736+00	1	2
133	\N	2023-02-01 10:30:00.215365+00	1	2
134	\N	2023-02-01 10:30:00.245843+00	1	2
135	\N	2023-02-01 10:30:00.277616+00	1	2
136	\N	2023-02-01 10:30:00.315089+00	1	2
137	\N	2023-02-01 10:30:00.350074+00	1	2
138	\N	2023-02-01 10:30:00.380672+00	1	2
139	\N	2023-02-01 10:30:00.409965+00	1	2
140	\N	2023-02-01 10:30:00.441856+00	1	2
141	\N	2023-02-01 10:30:00.490177+00	1	2
142	\N	2023-02-01 10:30:00.520417+00	1	2
143	\N	2023-02-01 10:30:00.549639+00	1	2
144	\N	2023-02-01 10:30:00.580775+00	1	2
145	\N	2023-02-01 10:30:00.612173+00	1	2
146	\N	2023-02-01 10:30:00.641545+00	1	2
147	\N	2023-02-01 10:30:00.673688+00	1	2
148	\N	2023-02-01 10:30:00.705664+00	1	2
149	\N	2023-02-01 10:30:00.736577+00	1	2
150	\N	2023-02-01 10:30:00.767839+00	1	2
451	5. kolo	2023-05-02 22:01:00.839555+00	1	5
452	5. kolo	2023-05-02 22:01:03.352461+00	1	5
453	5. kolo	2023-05-02 22:01:06.100797+00	1	5
151	\N	2023-03-01 18:54:05.985321+00	1	3
152	\N	2023-03-01 18:54:06.048323+00	1	3
153	\N	2023-03-01 18:54:06.085322+00	1	3
154	\N	2023-03-01 18:54:06.117837+00	1	3
155	\N	2023-03-01 18:54:06.149841+00	1	3
156	\N	2023-03-01 18:54:06.179838+00	1	3
157	\N	2023-03-01 18:54:06.213839+00	1	3
158	\N	2023-03-01 18:54:06.244354+00	1	3
159	\N	2023-03-01 18:54:06.278353+00	1	3
160	\N	2023-03-01 18:54:06.311322+00	1	3
161	\N	2023-03-01 18:54:06.357319+00	1	3
162	\N	2023-03-01 18:54:06.387336+00	1	3
163	\N	2023-03-01 18:54:06.421322+00	1	3
164	\N	2023-03-01 18:54:06.453323+00	1	3
165	\N	2023-03-01 18:54:06.486499+00	1	3
166	\N	2023-03-01 18:54:06.51632+00	1	3
167	\N	2023-03-01 18:54:06.54532+00	1	3
168	\N	2023-03-01 18:54:06.576321+00	1	3
169	\N	2023-03-01 18:54:06.60932+00	1	3
170	\N	2023-03-01 18:54:06.640322+00	1	3
171	\N	2023-03-01 18:54:06.687323+00	1	3
172	\N	2023-03-01 18:54:06.720854+00	1	3
173	\N	2023-03-01 18:54:06.756363+00	1	3
174	\N	2023-03-01 18:54:06.787363+00	1	3
175	\N	2023-03-01 18:54:06.815362+00	1	3
176	\N	2023-03-01 18:54:06.844359+00	1	3
177	\N	2023-03-01 18:54:06.872362+00	1	3
178	\N	2023-03-01 18:54:06.900996+00	1	3
179	\N	2023-03-01 18:54:06.930726+00	1	3
180	\N	2023-03-01 18:54:06.960372+00	1	3
181	\N	2023-03-01 18:54:07.005373+00	1	3
182	\N	2023-03-01 18:54:07.033714+00	1	3
183	\N	2023-03-01 18:54:07.063408+00	1	3
184	\N	2023-03-01 18:54:07.092406+00	1	3
185	\N	2023-03-01 18:54:07.123378+00	1	3
186	\N	2023-03-01 18:54:07.152952+00	1	3
187	\N	2023-03-01 18:54:07.184227+00	1	3
188	\N	2023-03-01 18:54:07.213263+00	1	3
189	\N	2023-03-01 18:54:07.243814+00	1	3
190	\N	2023-03-01 18:54:07.274816+00	1	3
191	\N	2023-03-01 18:54:07.321415+00	1	3
192	\N	2023-03-01 18:54:07.350417+00	1	3
193	\N	2023-03-01 18:54:07.378453+00	1	3
194	\N	2023-03-01 18:54:07.517461+00	1	3
195	\N	2023-03-01 18:54:07.547459+00	1	3
196	\N	2023-03-01 18:54:07.579461+00	1	3
197	\N	2023-03-01 18:54:07.60946+00	1	3
198	\N	2023-03-01 18:54:07.638463+00	1	3
199	\N	2023-03-01 18:54:07.666075+00	1	3
200	\N	2023-03-01 18:54:07.696076+00	1	3
454	5. kolo	2023-05-02 22:01:08.727324+00	1	5
455	5. kolo	2023-05-02 22:01:11.335064+00	1	5
456	5. kolo	2023-05-02 22:01:13.919053+00	1	5
457	5. kolo	2023-05-02 22:01:16.584907+00	1	5
458	5. kolo	2023-05-02 22:01:19.137734+00	1	5
459	5. kolo	2023-05-02 22:01:21.70255+00	1	5
460	5. kolo	2023-05-02 22:01:24.368587+00	1	5
461	5. kolo	2023-05-02 22:01:29.839069+00	1	5
462	5. kolo	2023-05-02 22:01:32.311395+00	1	5
463	5. kolo	2023-05-02 22:01:34.782746+00	1	5
464	5. kolo	2023-05-02 22:01:37.244773+00	1	5
465	5. kolo	2023-05-02 22:01:39.715945+00	1	5
466	5. kolo	2023-05-02 22:01:42.19012+00	1	5
467	5. kolo	2023-05-02 22:01:44.650062+00	1	5
468	5. kolo	2023-05-02 22:01:47.110227+00	1	5
469	5. kolo	2023-05-02 22:01:49.567529+00	1	5
470	5. kolo	2023-05-02 22:01:52.067824+00	1	5
471	5. kolo	2023-05-02 22:01:57.424614+00	1	5
472	5. kolo	2023-05-02 22:01:59.887596+00	1	5
201	4. kolo	2023-04-03 22:01:06.297751+00	1	4
202	4. kolo	2023-04-03 22:01:08.66974+00	1	4
203	4. kolo	2023-04-03 22:01:11.444003+00	1	4
204	4. kolo	2023-04-03 22:01:13.84484+00	1	4
205	4. kolo	2023-04-03 22:01:16.209923+00	1	4
206	4. kolo	2023-04-03 22:01:18.944761+00	1	4
207	4. kolo	2023-04-03 22:01:21.324544+00	1	4
208	4. kolo	2023-04-03 22:01:23.691754+00	1	4
209	4. kolo	2023-04-03 22:01:26.048979+00	1	4
210	4. kolo	2023-04-03 22:01:28.420495+00	1	4
211	4. kolo	2023-04-03 22:01:33.588779+00	1	4
212	4. kolo	2023-04-03 22:01:35.958002+00	1	4
213	4. kolo	2023-04-03 22:01:38.687457+00	1	4
214	4. kolo	2023-04-03 22:01:41.049277+00	1	4
215	4. kolo	2023-04-03 22:01:43.423287+00	1	4
216	4. kolo	2023-04-03 22:01:45.793616+00	1	4
217	4. kolo	2023-04-03 22:01:48.187835+00	1	4
218	4. kolo	2023-04-03 22:01:50.570437+00	1	4
219	4. kolo	2023-04-03 22:01:52.947573+00	1	4
220	4. kolo	2023-04-03 22:01:55.329213+00	1	4
221	4. kolo	2023-04-03 22:02:00.699676+00	1	4
222	4. kolo	2023-04-03 22:02:03.068263+00	1	4
223	4. kolo	2023-04-03 22:02:05.439661+00	1	4
224	4. kolo	2023-04-03 22:02:07.815735+00	1	4
225	4. kolo	2023-04-03 22:02:10.192681+00	1	4
226	4. kolo	2023-04-03 22:02:12.60252+00	1	4
227	4. kolo	2023-04-03 22:02:14.972269+00	1	4
228	4. kolo	2023-04-03 22:02:17.353051+00	1	4
229	4. kolo	2023-04-03 22:02:19.733831+00	1	4
230	4. kolo	2023-04-03 22:02:22.119886+00	1	4
231	4. kolo	2023-04-03 22:02:27.312824+00	1	4
232	4. kolo	2023-04-03 22:02:29.68216+00	1	4
233	4. kolo	2023-04-03 22:02:32.159675+00	1	4
234	4. kolo	2023-04-03 22:02:34.583595+00	1	4
235	4. kolo	2023-04-03 22:02:36.968941+00	1	4
236	4. kolo	2023-04-03 22:02:39.356977+00	1	4
237	4. kolo	2023-04-03 22:02:41.817246+00	1	4
238	4. kolo	2023-04-03 22:02:44.202933+00	1	4
239	4. kolo	2023-04-03 22:02:46.594467+00	1	4
240	4. kolo	2023-04-03 22:02:48.96963+00	1	4
241	4. kolo	2023-04-03 22:02:54.178605+00	1	4
242	4. kolo	2023-04-03 22:02:56.548423+00	1	4
243	4. kolo	2023-04-03 22:02:58.978823+00	1	4
244	4. kolo	2023-04-03 22:03:01.362287+00	1	4
245	4. kolo	2023-04-03 22:03:03.923694+00	1	4
246	4. kolo	2023-04-03 22:03:06.378265+00	1	4
247	4. kolo	2023-04-03 22:03:08.747116+00	1	4
248	4. kolo	2023-04-03 22:03:11.124788+00	1	4
249	4. kolo	2023-04-03 22:03:13.585379+00	1	4
250	4. kolo	2023-04-03 22:03:15.981583+00	1	4
473	5. kolo	2023-05-02 22:02:02.353577+00	1	5
474	5. kolo	2023-05-02 22:02:04.824356+00	1	5
475	5. kolo	2023-05-02 22:02:07.299835+00	1	5
476	5. kolo	2023-05-02 22:02:09.772137+00	1	5
477	5. kolo	2023-05-02 22:02:12.308286+00	1	5
478	5. kolo	2023-05-02 22:02:14.789472+00	1	5
479	5. kolo	2023-05-02 22:02:17.250067+00	1	5
480	5. kolo	2023-05-02 22:02:19.716644+00	1	5
481	5. kolo	2023-05-02 22:02:25.075677+00	1	5
482	5. kolo	2023-05-02 22:02:27.545424+00	1	5
483	5. kolo	2023-05-02 22:02:29.998982+00	1	5
484	5. kolo	2023-05-02 22:02:32.45627+00	1	5
485	5. kolo	2023-05-02 22:02:34.929035+00	1	5
486	5. kolo	2023-05-02 22:02:37.399693+00	1	5
487	5. kolo	2023-05-02 22:02:39.856569+00	1	5
488	5. kolo	2023-05-02 22:02:42.344946+00	1	5
489	5. kolo	2023-05-02 22:02:44.848988+00	1	5
490	5. kolo	2023-05-02 22:02:47.328788+00	1	5
491	5. kolo	2023-05-02 22:02:52.717658+00	1	5
492	5. kolo	2023-05-02 22:02:55.172924+00	1	5
493	5. kolo	2023-05-02 22:02:57.652387+00	1	5
494	5. kolo	2023-05-02 22:03:00.132269+00	1	5
495	5. kolo	2023-05-02 22:03:02.591936+00	1	5
496	5. kolo	2023-05-02 22:03:05.062097+00	1	5
497	5. kolo	2023-05-02 22:03:07.508699+00	1	5
498	5. kolo	2023-05-02 22:03:10.026735+00	1	5
499	5. kolo	2023-05-02 22:03:12.5032+00	1	5
500	5. kolo	2023-05-02 22:03:14.991904+00	1	5
697	10. kolo	2023-09-05 11:43:54.542822+00	1	10
698	10. kolo	2023-09-05 11:43:54.571223+00	1	10
699	10. kolo	2023-09-05 11:43:54.593777+00	1	10
700	10. kolo	2023-09-05 11:43:54.616356+00	1	10
701	10. kolo	2023-09-05 11:43:54.638835+00	1	10
702	10. kolo	2023-09-05 11:43:54.661678+00	1	10
703	10. kolo	2023-09-05 11:43:54.685829+00	1	10
704	10. kolo	2023-09-05 11:43:54.708259+00	1	10
705	10. kolo	2023-09-05 11:43:54.730768+00	1	10
706	10. kolo	2023-09-05 11:43:54.752663+00	1	10
707	10. kolo	2023-09-05 11:43:54.803719+00	1	10
708	10. kolo	2023-09-05 11:43:54.826609+00	1	10
709	10. kolo	2023-09-05 11:43:54.850284+00	1	10
710	10. kolo	2023-09-05 11:43:54.873126+00	1	10
711	10. kolo	2023-09-05 11:43:54.895734+00	1	10
712	10. kolo	2023-09-05 11:43:54.919098+00	1	10
713	10. kolo	2023-09-05 11:43:54.944325+00	1	10
714	10. kolo	2023-09-05 11:43:54.967113+00	1	10
715	10. kolo	2023-09-05 11:43:54.98924+00	1	10
716	10. kolo	2023-09-05 11:43:55.011457+00	1	10
717	10. kolo	2023-09-05 11:43:55.061844+00	1	10
718	10. kolo	2023-09-05 11:43:55.085867+00	1	10
719	10. kolo	2023-09-05 11:43:55.109177+00	1	10
720	10. kolo	2023-09-05 11:43:55.131837+00	1	10
721	10. kolo	2023-09-05 11:43:55.15421+00	1	10
722	10. kolo	2023-09-05 11:43:55.177188+00	1	10
723	10. kolo	2023-09-05 11:43:55.199045+00	1	10
724	10. kolo	2023-09-05 11:43:55.221349+00	1	10
725	10. kolo	2023-09-05 11:43:55.243721+00	1	10
726	10. kolo	2023-09-05 11:43:55.267364+00	1	10
727	10. kolo	2023-09-05 11:43:55.318434+00	1	10
728	10. kolo	2023-09-05 11:43:55.342297+00	1	10
729	10. kolo	2023-09-05 11:43:55.368741+00	1	10
730	10. kolo	2023-09-05 11:43:55.391261+00	1	10
731	10. kolo	2023-09-05 11:43:55.414039+00	1	10
732	10. kolo	2023-09-05 11:43:55.436971+00	1	10
733	10. kolo	2023-09-05 11:43:55.460707+00	1	10
734	10. kolo	2023-09-05 11:43:55.485219+00	1	10
735	10. kolo	2023-09-05 11:43:55.509691+00	1	10
736	10. kolo	2023-09-05 11:43:55.536184+00	1	10
737	10. kolo	2023-09-05 11:43:55.592116+00	1	10
738	10. kolo	2023-09-05 11:43:55.615834+00	1	10
739	10. kolo	2023-09-05 11:43:55.639688+00	1	10
740	10. kolo	2023-09-05 11:43:55.663152+00	1	10
741	10. kolo	2023-09-05 11:43:55.689932+00	1	10
742	10. kolo	2023-09-05 11:43:55.71619+00	1	10
743	10. kolo	2023-09-05 11:43:55.74069+00	1	10
744	10. kolo	2023-09-05 11:43:55.765599+00	1	10
745	10. kolo	2023-09-05 11:43:55.789609+00	1	10
746	10. kolo	2023-09-05 11:43:55.818206+00	1	10
787	12. kolo	2023-10-13 10:49:10.595641+00	1	12
788	12. kolo	2023-10-13 10:49:10.615946+00	1	12
789	12. kolo	2023-10-13 10:49:10.633716+00	1	12
790	12. kolo	2023-10-13 10:49:10.65152+00	1	12
791	12. kolo	2023-10-13 10:49:10.669932+00	1	12
792	12. kolo	2023-10-13 10:49:10.688125+00	1	12
793	12. kolo	2023-10-13 10:49:10.704882+00	1	12
794	12. kolo	2023-10-13 10:49:10.721093+00	1	12
795	12. kolo	2023-10-13 10:49:10.739198+00	1	12
796	12. kolo	2023-10-13 10:49:10.755831+00	1	12
797	12. kolo	2023-10-13 10:49:10.794703+00	1	12
798	12. kolo	2023-10-13 10:49:10.811774+00	1	12
799	12. kolo	2023-10-13 10:49:10.829517+00	1	12
800	12. kolo	2023-10-13 10:49:10.847672+00	1	12
801	12. kolo	2023-10-13 10:49:10.863984+00	1	12
802	12. kolo	2023-10-13 10:49:10.880107+00	1	12
803	12. kolo	2023-10-13 10:49:10.895942+00	1	12
804	12. kolo	2023-10-13 10:49:10.912051+00	1	12
805	12. kolo	2023-10-13 10:49:10.928921+00	1	12
806	12. kolo	2023-10-13 10:49:10.945598+00	1	12
807	12. kolo	2023-10-13 10:49:10.983223+00	1	12
808	12. kolo	2023-10-13 10:49:11.000198+00	1	12
809	12. kolo	2023-10-13 10:49:11.016785+00	1	12
810	12. kolo	2023-10-13 10:49:11.033322+00	1	12
811	12. kolo	2023-10-13 10:49:11.050163+00	1	12
812	12. kolo	2023-10-13 10:49:11.066239+00	1	12
813	12. kolo	2023-10-13 10:49:11.085364+00	1	12
814	12. kolo	2023-10-13 10:49:11.102565+00	1	12
815	12. kolo	2023-10-13 10:49:11.119689+00	1	12
816	12. kolo	2023-10-13 10:49:11.137632+00	1	12
817	12. kolo	2023-10-13 10:49:11.175151+00	1	12
818	12. kolo	2023-10-13 10:49:11.191758+00	1	12
819	12. kolo	2023-10-13 10:49:11.211709+00	1	12
820	12. kolo	2023-10-13 10:49:11.228757+00	1	12
821	12. kolo	2023-10-13 10:49:11.245482+00	1	12
822	12. kolo	2023-10-13 10:49:11.263109+00	1	12
823	12. kolo	2023-10-13 10:49:11.2796+00	1	12
824	12. kolo	2023-10-13 10:49:11.298166+00	1	12
825	12. kolo	2023-10-13 10:49:11.317124+00	1	12
826	12. kolo	2023-10-13 10:49:11.334076+00	1	12
827	13. kolo	2023-10-13 14:16:52.592277+00	58	13
828	13. kolo	2023-10-13 14:16:52.615419+00	58	13
829	13. kolo	2023-10-13 14:16:52.633001+00	58	13
830	13. kolo	2023-10-13 14:16:52.649506+00	58	13
831	13. kolo	2023-10-13 14:16:52.667133+00	58	13
832	13. kolo	2023-10-13 14:16:52.683461+00	58	13
833	13. kolo	2023-10-13 14:16:52.699859+00	58	13
834	13. kolo	2023-10-13 14:16:52.715833+00	58	13
835	13. kolo	2023-10-13 14:16:52.73262+00	58	13
836	13. kolo	2023-10-13 14:16:52.74962+00	58	13
837	16. kolo	2023-10-15 13:26:22.821707+00	59	16
838	16. kolo	2023-10-15 13:26:27.67019+00	59	16
841	23. kolo	2023-10-17 15:21:19.432625+00	93	23
842	23. kolo	2023-10-17 15:21:22.450079+00	93	23
843	23. kolo	2023-10-17 15:21:25.420486+00	93	23
844	23. kolo	2023-10-17 15:21:28.383978+00	93	23
845	23. kolo	2023-10-17 15:21:31.3366+00	93	23
846	23. kolo	2023-10-17 15:21:34.304751+00	93	23
847	24. kolo	2023-10-18 10:34:55.721044+00	93	24
848	24. kolo	2023-10-18 10:34:58.562379+00	93	24
849	24. kolo	2023-10-18 10:35:01.406367+00	93	24
850	24. kolo	2023-10-18 10:35:04.251062+00	93	24
851	24. kolo	2023-10-18 10:35:07.103188+00	93	24
852	24. kolo	2023-10-18 10:35:09.962996+00	93	24
853	25. kolo	2023-10-18 10:39:51.211451+00	93	25
854	25. kolo	2023-10-18 10:39:54.064722+00	93	25
855	25. kolo	2023-10-18 10:39:56.905677+00	93	25
856	25. kolo	2023-10-18 10:39:59.759529+00	93	25
857	25. kolo	2023-10-18 10:40:02.60665+00	93	25
858	25. kolo	2023-10-18 10:40:05.45711+00	93	25
859	26. kolo	2023-10-18 13:30:04.741438+00	93	26
860	26. kolo	2023-10-18 13:30:04.779727+00	93	26
861	26. kolo	2023-10-18 13:30:04.805433+00	93	26
862	26. kolo	2023-10-18 13:30:04.831674+00	93	26
863	26. kolo	2023-10-18 13:30:04.86393+00	93	26
864	26. kolo	2023-10-18 13:30:04.906605+00	93	26
865	27. kolo	2023-10-18 21:31:20.68784+00	93	27
866	27. kolo	2023-10-18 21:31:26.408046+00	93	27
867	27. kolo	2023-10-18 21:31:33.668362+00	93	27
868	27. kolo	2023-10-18 21:31:42.746962+00	93	27
869	27. kolo	2023-10-18 21:31:51.135501+00	93	27
870	27. kolo	2023-10-18 21:31:57.271983+00	93	27
871	28. kolo	2023-10-19 10:25:19.887133+00	93	28
872	28. kolo	2023-10-19 10:25:23.126561+00	93	28
873	28. kolo	2023-10-19 10:25:25.997183+00	93	28
874	28. kolo	2023-10-19 10:25:28.844952+00	93	28
875	28. kolo	2023-10-19 10:25:31.703788+00	93	28
876	28. kolo	2023-10-19 10:25:34.553487+00	93	28
877	28. kolo	2023-10-19 10:25:37.416807+00	93	28
878	28. kolo	2023-10-19 10:25:40.25841+00	93	28
879	28. kolo	2023-10-19 10:25:43.110639+00	93	28
880	28. kolo	2023-10-19 10:25:45.963038+00	93	28
881	28. kolo	2023-10-19 10:25:52.399895+00	93	28
882	28. kolo	2023-10-19 10:25:55.254106+00	93	28
883	28. kolo	2023-10-19 10:25:58.096497+00	93	28
884	28. kolo	2023-10-19 10:26:00.935188+00	93	28
885	28. kolo	2023-10-19 10:26:03.807086+00	93	28
886	28. kolo	2023-10-19 10:26:06.658048+00	93	28
887	28. kolo	2023-10-19 10:26:09.526567+00	93	28
888	28. kolo	2023-10-19 10:26:12.729599+00	93	28
889	28. kolo	2023-10-19 10:26:15.595502+00	93	28
890	28. kolo	2023-10-19 10:26:18.460071+00	93	28
891	29. kolo	2023-10-19 12:53:19.133607+00	58	29
892	29. kolo	2023-10-19 12:53:22.001323+00	58	29
893	29. kolo	2023-10-19 12:53:24.837255+00	58	29
894	29. kolo	2023-10-19 12:53:27.691136+00	58	29
895	29. kolo	2023-10-19 12:53:30.584311+00	58	29
896	29. kolo	2023-10-19 12:53:33.475863+00	58	29
897	29. kolo	2023-10-19 12:53:39.753018+00	58	29
898	29. kolo	2023-10-19 12:53:42.608719+00	58	29
899	29. kolo	2023-10-19 12:53:45.517455+00	58	29
900	29. kolo	2023-10-19 12:53:48.570384+00	58	29
901	29. kolo	2023-10-19 12:53:51.421679+00	58	29
902	29. kolo	2023-10-19 12:53:54.261739+00	58	29
903	30. kolo	2023-10-19 11:00:18.63659+00	58	30
904	30. kolo	2023-10-19 11:00:18.663405+00	58	30
905	30. kolo	2023-10-19 11:00:18.687001+00	58	30
906	30. kolo	2023-10-19 11:00:18.708718+00	58	30
907	30. kolo	2023-10-19 11:00:18.731221+00	58	30
908	30. kolo	2023-10-19 11:00:18.753682+00	58	30
909	30. kolo	2023-10-19 11:00:18.802645+00	58	30
910	30. kolo	2023-10-19 11:00:18.825695+00	58	30
911	30. kolo	2023-10-19 11:00:18.84872+00	58	30
912	30. kolo	2023-10-19 11:00:18.869423+00	58	30
913	30. kolo	2023-10-19 11:00:18.891316+00	58	30
914	30. kolo	2023-10-19 11:00:18.912261+00	58	30
915	31. kolo	2023-10-20 00:25:39.200548+00	58	31
916	31. kolo	2023-10-20 00:25:42.129073+00	58	31
917	31. kolo	2023-10-20 00:25:45.070575+00	58	31
918	31. kolo	2023-10-20 00:25:47.961495+00	58	31
919	31. kolo	2023-10-20 00:25:50.853161+00	58	31
920	31. kolo	2023-10-20 00:25:53.711642+00	58	31
921	32. kolo	2023-10-20 20:39:46.644425+00	58	32
922	32. kolo	2023-10-20 20:39:49.595355+00	58	32
923	32. kolo	2023-10-20 20:39:52.480956+00	58	32
924	32. kolo	2023-10-20 20:39:57.922154+00	58	32
925	32. kolo	2023-10-20 20:40:00.823644+00	58	32
926	32. kolo	2023-10-20 20:40:03.727033+00	58	32
927	32. kolo	2023-10-20 20:40:09.10789+00	58	32
928	32. kolo	2023-10-20 20:40:12.05257+00	58	32
929	32. kolo	2023-10-20 20:40:14.951686+00	58	32
930	33. kolo	2023-10-20 20:09:20.444604+00	58	33
931	33. kolo	2023-10-20 20:09:20.474534+00	58	33
932	33. kolo	2023-10-20 20:09:20.501618+00	58	33
933	33. kolo	2023-10-20 20:09:20.530098+00	58	33
934	33. kolo	2023-10-20 20:09:20.558097+00	58	33
935	33. kolo	2023-10-20 20:09:20.585346+00	58	33
936	33. kolo	2023-10-20 20:09:20.615359+00	58	33
937	33. kolo	2023-10-20 20:09:20.648264+00	58	33
938	33. kolo	2023-10-20 20:09:20.67509+00	58	33
939	33. kolo	2023-10-20 20:09:20.702497+00	58	33
940	33. kolo	2023-10-20 20:09:20.730142+00	58	33
941	33. kolo	2023-10-20 20:09:20.762733+00	58	33
942	33. kolo	2023-10-20 20:09:20.796182+00	58	33
943	33. kolo	2023-10-20 20:09:20.823679+00	58	33
944	33. kolo	2023-10-20 20:09:20.850585+00	58	33
945	33. kolo	2023-10-20 20:09:20.877899+00	58	33
946	33. kolo	2023-10-20 20:09:20.905593+00	58	33
947	33. kolo	2023-10-20 20:09:20.933505+00	58	33
948	33. kolo	2023-10-20 20:09:20.95893+00	58	33
949	33. kolo	2023-10-20 20:09:20.984927+00	58	33
950	33. kolo	2023-10-20 20:09:21.012367+00	58	33
951	33. kolo	2023-10-20 20:09:21.03872+00	58	33
952	33. kolo	2023-10-20 20:09:21.066074+00	58	33
953	33. kolo	2023-10-20 20:09:21.092479+00	58	33
954	33. kolo	2023-10-20 20:09:21.118438+00	58	33
955	33. kolo	2023-10-20 20:09:21.147841+00	58	33
956	33. kolo	2023-10-20 20:09:21.176958+00	58	33
957	33. kolo	2023-10-20 20:09:21.205892+00	58	33
958	33. kolo	2023-10-20 20:09:21.232625+00	58	33
959	33. kolo	2023-10-20 20:09:21.259173+00	58	33
960	33. kolo	2023-10-20 20:09:21.285145+00	58	33
961	33. kolo	2023-10-20 20:09:21.311909+00	58	33
962	33. kolo	2023-10-20 20:09:21.336735+00	58	33
963	33. kolo	2023-10-20 20:09:21.363237+00	58	33
964	33. kolo	2023-10-20 20:09:21.390678+00	58	33
965	33. kolo	2023-10-20 20:09:21.417307+00	58	33
966	33. kolo	2023-10-20 20:09:21.443719+00	58	33
967	33. kolo	2023-10-20 20:09:21.470954+00	58	33
968	33. kolo	2023-10-20 20:09:21.49561+00	58	33
969	33. kolo	2023-10-20 20:09:21.52004+00	58	33
970	33. kolo	2023-10-20 20:09:21.54613+00	58	33
971	33. kolo	2023-10-20 20:09:21.571626+00	58	33
972	33. kolo	2023-10-20 20:09:21.596589+00	58	33
973	33. kolo	2023-10-20 20:09:21.624402+00	58	33
974	33. kolo	2023-10-20 20:09:21.649521+00	58	33
975	33. kolo	2023-10-20 20:09:21.673459+00	58	33
976	33. kolo	2023-10-20 20:09:21.699566+00	58	33
977	33. kolo	2023-10-20 20:09:21.723647+00	58	33
978	33. kolo	2023-10-20 20:09:21.748673+00	58	33
979	33. kolo	2023-10-20 20:09:21.773629+00	58	33
980	33. kolo	2023-10-20 20:09:21.797815+00	58	33
981	33. kolo	2023-10-20 20:09:21.822703+00	58	33
982	33. kolo	2023-10-20 20:09:21.849662+00	58	33
983	33. kolo	2023-10-20 20:09:21.874896+00	58	33
984	33. kolo	2023-10-20 20:09:21.901435+00	58	33
985	33. kolo	2023-10-20 20:09:21.926184+00	58	33
986	33. kolo	2023-10-20 20:09:21.950749+00	58	33
987	33. kolo	2023-10-20 20:09:21.976444+00	58	33
988	33. kolo	2023-10-20 20:09:21.999958+00	58	33
989	33. kolo	2023-10-20 20:09:22.026339+00	58	33
990	33. kolo	2023-10-20 20:09:22.052371+00	58	33
991	33. kolo	2023-10-20 20:09:22.076801+00	58	33
992	33. kolo	2023-10-20 20:09:22.099779+00	58	33
993	33. kolo	2023-10-20 20:09:22.126327+00	58	33
994	33. kolo	2023-10-20 20:09:22.151517+00	58	33
995	33. kolo	2023-10-20 20:09:22.175581+00	58	33
996	34. kolo	2023-10-24 21:37:20.10805+00	95	34
997	34. kolo	2023-10-24 21:37:20.138496+00	95	34
998	34. kolo	2023-10-24 21:37:20.165607+00	95	34
999	34. kolo	2023-10-24 21:37:20.190019+00	95	34
1000	34. kolo	2023-10-24 21:37:20.215294+00	95	34
1001	34. kolo	2023-10-24 21:37:20.241297+00	95	34
1002	34. kolo	2023-10-24 21:37:20.267004+00	95	34
1003	34. kolo	2023-10-24 21:37:20.293336+00	95	34
1004	34. kolo	2023-10-24 21:37:20.320219+00	95	34
1005	34. kolo	2023-10-24 21:37:20.345941+00	95	34
1006	35. kolo	2023-10-26 00:50:26.591478+00	59	35
1007	35. kolo	2023-10-26 00:50:29.523405+00	59	35
1008	35. kolo	2023-10-26 00:50:32.439355+00	59	35
1009	35. kolo	2023-10-26 00:50:35.359112+00	59	35
1010	35. kolo	2023-10-26 00:50:38.278859+00	59	35
1011	35. kolo	2023-10-26 00:50:41.217689+00	59	35
1012	36. kolo	2023-10-26 00:52:44.570055+00	95	36
1013	36. kolo	2023-10-26 00:52:47.48887+00	95	36
1014	36. kolo	2023-10-26 00:52:50.39843+00	95	36
1015	36. kolo	2023-10-26 00:52:53.325226+00	95	36
1016	36. kolo	2023-10-26 00:52:56.234469+00	95	36
1017	36. kolo	2023-10-26 00:52:59.183736+00	95	36
1018	36. kolo	2023-10-26 00:53:02.088856+00	95	36
1019	36. kolo	2023-10-26 00:53:05.002547+00	95	36
1020	36. kolo	2023-10-26 00:53:07.939838+00	95	36
1021	36. kolo	2023-10-26 00:53:10.867595+00	95	36
1022	36. kolo	2023-10-26 00:53:13.796786+00	95	36
1023	36. kolo	2023-10-26 00:53:16.707805+00	95	36
1024	36. kolo	2023-10-26 00:53:19.637269+00	95	36
1025	36. kolo	2023-10-26 00:53:22.573818+00	95	36
1026	36. kolo	2023-10-26 00:53:25.499912+00	95	36
1027	36. kolo	2023-10-26 00:53:28.40815+00	95	36
1028	36. kolo	2023-10-26 00:53:31.335572+00	95	36
1029	36. kolo	2023-10-26 00:53:34.260678+00	95	36
1030	36. kolo	2023-10-26 00:53:37.181927+00	95	36
1031	36. kolo	2023-10-26 00:53:40.117245+00	95	36
1032	36. kolo	2023-10-26 00:53:43.030607+00	95	36
\.


--
-- Data for Name: events; Type: TABLE DATA; Schema: public; Owner: poktwcytjzkyew
--

COPY public.events (id, title, start_event, end_event, user_id) FROM stdin;
\.


--
-- Data for Name: groupz; Type: TABLE DATA; Schema: public; Owner: poktwcytjzkyew
--

COPY public.groupz (id, name, shorts, season_id, round_id) FROM stdin;
1	Group 1	A	1	1
2	Group 2	B1	1	1
3	Group 3	B2	1	1
7	Group 4	C1	1	1
8	Group 1	A	1	2
9	Group 2	B1	1	2
10	Group 3	B2	1	2
11	Group 4	C1	1	2
12	Group 5	C2	1	2
46	Group 1	A	1	5
47	Group 2	B1	1	5
48	Group 3	B2	1	5
4	Group 1	\N	\N	\N
5	Group 1	\N	\N	\N
6	\N	\N	\N	\N
49	Group 4	C1	1	5
50	Group 5	C2	1	5
13	Group 1	A	1	3
14	Group 2	B1	1	3
15	Group 3	B2	1	3
16	Group 4	C1	1	3
17	Group 5	C2	1	3
71	Group 1	A	1	10
72	Group 2	B1	1	10
73	Group 3	B2	1	10
74	Group 4	C1	1	10
75	Group 5	C2	1	10
80	Group 1	A	1	12
18	Group 1	A	1	4
19	Group 2	B1	1	4
20	Group 3	B2	1	4
21	Group 4	C1	1	4
22	Group 5	C2	1	4
81	Group 2	B1	1	12
82	Group 3	B2	1	12
83	Group 4	C1	1	12
84	Group 1	A	58	13
87	Group 1	A	59	16
88	Group 2	B1	59	16
89	Group 1	A	60	17
90	Group 2	B1	60	17
99	Group 1	A	93	22
100	Group 2	B1	93	22
101	Group 3	B2	93	22
102	Group 4	C1	93	22
103	Group 1	A	93	23
104	Group 1	A	93	24
105	Group 1	A	93	25
106	Group 1	A	93	26
107	Group 1	A	93	27
108	Group 1	A	93	28
109	Group 2	B1	93	28
110	Group 1	A	58	29
111	Group 2	B1	58	29
112	Group 1	A	58	30
113	Group 2	B1	58	30
114	Group 1	A	58	31
115	Group 1	A	58	32
116	Group 2	B1	58	32
117	Group 3	B2	58	32
118	Group 1	A	58	33
119	Group 1	A	95	34
120	Group 1	A	59	35
121	Group 1	A	95	36
\.


--
-- Data for Name: member; Type: TABLE DATA; Schema: public; Owner: poktwcytjzkyew
--

COPY public.member (id, name, phone, address, psc, city, image_file, weight, height, user_id) FROM stdin;
\.


--
-- Data for Name: note; Type: TABLE DATA; Schema: public; Owner: poktwcytjzkyew
--

COPY public.note (id, data, date_time, user_id) FROM stdin;
\.


--
-- Data for Name: openhour; Type: TABLE DATA; Schema: public; Owner: poktwcytjzkyew
--

COPY public.openhour (id, notice, oh_from, oh_to, duel_id) FROM stdin;
\.


--
-- Data for Name: order; Type: TABLE DATA; Schema: public; Owner: poktwcytjzkyew
--

COPY public."order" (id, produc_id, quantity, amount, user_id, is_paid, order_date, storno, stripe_subscription_id) FROM stdin;
134	45	1	1.00	17	f	2023-10-25 09:58:52.797881	t	sub_1O53rWKr9xveA3fnznfGCvBt
135	46	1	1.00	17	f	2023-10-25 10:02:03.521812	t	sub_1O53ubKr9xveA3fn5n1uyDg6
95	46	1	1.00	21	f	2023-10-24 19:15:52.124475	t	sub_1O4q4zKr9xveA3fn0WtalSCQ
136	45	1	1.00	21	f	2023-10-25 11:03:40.344905	t	sub_1O54sEKr9xveA3fnZalasGgJ
91	45	1	1.00	8	f	2023-10-24 18:23:48.46348	t	sub_1O4pGcKr9xveA3fn0vykrlPm
96	45	1	1.00	23	f	2023-10-24 21:11:37.980009	t	sub_1O4rt2Kr9xveA3fnnqiBhX3i
137	45	1	1.00	21	f	2023-10-25 11:22:04.254712	t	sub_1O55A1Kr9xveA3fnlMqZGwko
97	45	1	1.00	23	f	2023-10-24 21:21:12.310318	t	sub_1O4s2HKr9xveA3fnUCZtUGhf
99	45	1	1.00	23	f	2023-10-24 22:03:03.045288	f	sub_1O4sgnKr9xveA3fnZbegS3iY
138	45	1	1.00	24	f	2023-10-25 22:18:44.494072	t	sub_1O5FPWKr9xveA3fnSgjn8wuK
139	45	1	1.00	24	f	2023-10-25 22:26:23.221792	f	sub_1O5FWuKr9xveA3fn5lkt21kT
140	45	1	1.00	21	f	2023-10-25 22:38:02.304968	t	sub_1O5FiCKr9xveA3fnzlupjFpZ
100	45	1	1.00	20	f	2023-10-24 22:32:43.130187	t	sub_1O4t9VKr9xveA3fnb8WK5nbg
103	45	1	1.00	20	f	2023-10-25 07:36:27.349505	f	sub_1O51dhKr9xveA3fnb072ebZu
104	45	1	1.00	20	f	2023-10-25 07:36:29.750794	f	sub_1O51dkKr9xveA3fncwsd4ust
141	46	1	1.00	21	f	2023-10-25 22:38:46.367684	t	sub_1O5FiuKr9xveA3fnhdjQGb0R
142	46	1	1.00	21	f	2023-10-25 22:44:22.096511	f	sub_1O5FoJKr9xveA3fnM5cTadOl
92	45	1	1.00	8	f	2023-10-24 18:25:54.219385	t	sub_1O4pIeKr9xveA3fnMvOtoHjw
93	45	1	1.00	8	f	2023-10-24 18:25:56.638183	t	sub_1O4pIgKr9xveA3fne45iKHMD
94	45	1	1.00	8	f	2023-10-24 18:25:58.334302	t	sub_1O4pIiKr9xveA3fnJIVmVUkj
143	45	1	1.00	8	f	2023-10-25 22:56:24.847137	t	sub_1O5FzyKr9xveA3fnJftgPZ7q
144	46	1	1.00	8	f	2023-10-25 22:58:34.320958	t	sub_1O5G24Kr9xveA3fn7yXKjP3k
145	45	1	1.00	8	f	2023-10-26 06:40:10.445335	t	sub_1O5NEmKr9xveA3fnDtWWQYh5
146	46	1	1.00	8	f	2023-10-26 06:44:49.43345	f	sub_1O5NJHKr9xveA3fn2pnH1V9d
147	46	1	1.00	22	f	2023-10-26 07:19:26.392465	f	sub_1O5NqlKr9xveA3fnTyIS6IUG
148	45	1	1.00	17	f	2023-10-26 07:24:06.170585	f	sub_1O5NvIKr9xveA3fnTgifYAOZ
\.


--
-- Data for Name: payment_cards; Type: TABLE DATA; Schema: public; Owner: poktwcytjzkyew
--

COPY public.payment_cards (id, card_number, expiration_date, cvc, user_id) FROM stdin;
1	987987	2023-12-01	ss	\N
2	987987	2023-12-01	ss	\N
3	987987	2023-12-01	ss	\N
4	786876876	2023-10-12	ss	\N
5	678696876876	2023-10-11	ss	21
\.


--
-- Data for Name: payment_method; Type: TABLE DATA; Schema: public; Owner: poktwcytjzkyew
--

COPY public.payment_method (id, user_id, card_token) FROM stdin;
\.


--
-- Data for Name: position; Type: TABLE DATA; Schema: public; Owner: poktwcytjzkyew
--

COPY public."position" (id, name) FROM stdin;
\.


--
-- Data for Name: positions_members; Type: TABLE DATA; Schema: public; Owner: poktwcytjzkyew
--

COPY public.positions_members (member_id, position_id) FROM stdin;
\.


--
-- Data for Name: post; Type: TABLE DATA; Schema: public; Owner: poktwcytjzkyew
--

COPY public.post (id, title, date_posted, content, user_id, category_id) FROM stdin;
\.


--
-- Data for Name: post_gallery; Type: TABLE DATA; Schema: public; Owner: poktwcytjzkyew
--

COPY public.post_gallery (id, title, image_file2, orderz, post_id) FROM stdin;
\.


--
-- Data for Name: product; Type: TABLE DATA; Schema: public; Owner: poktwcytjzkyew
--

COPY public.product (id, title, date_posted, content, user_id, is_visible, price, old_price, product_category_id, stripe_link, youtube_link) FROM stdin;
45	Player	2023-09-03 11:47:12.823786	aaa	1	t	5.00	1.00	1	\N	\N
46	Manager	2023-09-03 11:48:59.692013	aaa	1	t	29.00	1.00	1	\N	\N
\.


--
-- Data for Name: product_category; Type: TABLE DATA; Schema: public; Owner: poktwcytjzkyew
--

COPY public.product_category (id, name) FROM stdin;
1	poplatky
\.


--
-- Data for Name: product_gallery; Type: TABLE DATA; Schema: public; Owner: poktwcytjzkyew
--

COPY public.product_gallery (id, title, image_file2, orderz, product_id) FROM stdin;
\.


--
-- Data for Name: role; Type: TABLE DATA; Schema: public; Owner: poktwcytjzkyew
--

COPY public.role (id, name) FROM stdin;
1	Admin
2	Player
3	Manager
\.


--
-- Data for Name: roles_members; Type: TABLE DATA; Schema: public; Owner: poktwcytjzkyew
--

COPY public.roles_members (member_id, role_id) FROM stdin;
\.


--
-- Data for Name: roles_users; Type: TABLE DATA; Schema: public; Owner: poktwcytjzkyew
--

COPY public.roles_users (user_id, role_id) FROM stdin;
24	2
21	1
22	1
21	3
8	3
22	3
17	2
\.


--
-- Data for Name: round; Type: TABLE DATA; Schema: public; Owner: poktwcytjzkyew
--

COPY public.round (id, season_id, open, round_start) FROM stdin;
30	58	f	2023-10-19 11:00:18.576253+00
1	1	f	2023-10-14 08:50:03.510191+00
2	1	f	2023-10-14 08:50:03.510191+00
3	1	f	2023-10-14 08:50:03.510191+00
31	58	f	2023-10-19 22:25:34.450841+00
32	58	f	2023-10-20 18:39:41.918392+00
33	58	t	2023-10-20 20:09:20.320525+00
4	1	f	2023-10-14 08:50:03.510191+00
5	1	f	2023-10-14 08:50:03.510191+00
16	59	f	2023-10-15 11:26:19.863392+00
35	59	t	2023-10-25 22:50:21.185735+00
12	1	t	2023-10-14 08:50:03.510191+00
34	95	f	2023-10-24 21:37:20.035071+00
17	60	t	2023-10-15 12:03:57.716629+00
10	1	t	2023-10-14 08:50:03.510191+00
36	95	t	2023-10-25 22:52:36.965694+00
22	93	f	2023-10-17 13:03:52.161812+00
23	93	f	2023-10-17 13:21:13.754537+00
24	93	f	2023-10-18 08:34:50.230486+00
25	93	f	2023-10-18 08:39:45.767722+00
26	93	f	2023-10-18 13:30:04.663344+00
27	93	f	2023-10-18 19:31:11.038403+00
28	93	t	2023-10-19 08:25:12.976684+00
13	58	f	2023-10-14 08:50:03.510191+00
29	58	f	2023-10-19 10:53:13.126737+00
\.


--
-- Data for Name: season; Type: TABLE DATA; Schema: public; Owner: poktwcytjzkyew
--

COPY public.season (id, name, season_from, season_to, open, no_group, no_round, winner_points, user_id, min_players) FROM stdin;
1	First Season	\N	2023-01-16 12:27:26+00	t	5	10	2	21	5
58	PK Darts League	\N	2023-10-13 10:59:22.284804+00	f	12	10	2	8	3
93	pokus	\N	2023-10-15 12:56:20.198535+00	f	5	10	2	8	5
60	Darts Cats	\N	2023-10-15 09:30:49.913448+00	f	2	10	2	8	2
59	Darts Devils	\N	2023-10-15 09:12:35.221954+00	t	4	7	2	26	4
95	COMACO Superliga	\N	2023-10-24 20:19:49.220527+00	t	6	10	2	26	5
\.


--
-- Data for Name: team; Type: TABLE DATA; Schema: public; Owner: poktwcytjzkyew
--

COPY public.team (id, name, score_scrap, player_list_scrap) FROM stdin;
\.


--
-- Data for Name: teams_members; Type: TABLE DATA; Schema: public; Owner: poktwcytjzkyew
--

COPY public.teams_members (member_id, team_id) FROM stdin;
\.


--
-- Data for Name: user; Type: TABLE DATA; Schema: public; Owner: poktwcytjzkyew
--

COPY public."user" (id, email, password, first_name, orderz, authenticated, confirm, stripe_subscription_id) FROM stdin;
24	gric_j@dartsclub.sk	$2b$12$2F8eVyBq.1jkY8.Ye4sp.OZi94dQAqtl12e1S1UWrMU.dcNWd6AiW	Gri J	0	t	t	sub_1O5FWuKr9xveA3fn5lkt21kT
20	h3@dartsclub.sk	$2b$12$2F8eVyBq.1jkY8.Ye4sp.OZi94dQAqtl12e1S1UWrMU.dcNWd6AiW	h3	0	t	t	
13	h2@dartsclub.sk	$2b$12$2F8eVyBq.1jkY8.Ye4sp.OZi94dQAqtl12e1S1UWrMU.dcNWd6AiW	h2	25	f	t	
83	hajdu@dartsclub.sk	$2b$12$2F8eVyBq.1jkY8.Ye4sp.OZi94dQAqtl12e1S1UWrMU.dcNWd6AiW	hajdu	19	t	t	
30	jan.hupka31@gmail.com	$2b$12$XyPPJuxsatmyS0X7mP4eUuZq/b//bXqF6ZRqxcN93THMO.AgyRkp6	Jano Hupka	13	t	t	
25	juhasz_a@dartsclub.sk	$2b$12$2F8eVyBq.1jkY8.Ye4sp.OZi94dQAqtl12e1S1UWrMU.dcNWd6AiW	Juhsz	15	t	t	
29	matomaserkovar@gmail.com	$2b$12$2F8eVyBq.1jkY8.Ye4sp.OZi94dQAqtl12e1S1UWrMU.dcNWd6AiW	Martin	4	f	t	
6	matolf@gmail.com	$2b$12$uBySj7yrTFXzQ9VAgNoOBugqZVqlcA7FL9/83MZZesJhvcjqfF3D6	matis	5	t	t	
31	monika@dartsclub.sk	$2b$12$2F8eVyBq.1jkY8.Ye4sp.OZi94dQAqtl12e1S1UWrMU.dcNWd6AiW	Monika	0	t	t	
11	roman.liska26@gmail.com	$2b$12$XMwuHCBNwD31.fXSa98g0.xyiqX6oyxJKjsUEKwpTcq0rQG2hQOUi	foxo	14	t	t	
82	perina@dartsclub.sk	$2b$12$2F8eVyBq.1jkY8.Ye4sp.OZi94dQAqtl12e1S1UWrMU.dcNWd6AiW	petrina	24	t	t	
9	h1@dartsclub.sk	$2b$12$2F8eVyBq.1jkY8.Ye4sp.OZi94dQAqtl12e1S1UWrMU.dcNWd6AiW	h1	0	f	t	
10	magnum@dartsclub.sk	$2b$12$2F8eVyBq.1jkY8.Ye4sp.OZi94dQAqtl12e1S1UWrMU.dcNWd6AiW	magnum	17	t	t	
42	milanmartisgasparik@gmail.com	$2b$12$.ixsruqdjU92k5ZrgVY3RO2qTcxsMZWuGwQXAf0vqttGpBz7Zv7ri	gasp	\N	t	t	
43	milanmatis@gmail.com	$2b$12$U1AerxD54cdBeWU.BFuW0OQ15msO2TUlQEMVZMRUjZa3TuMkx819C	kkkk	\N	f	f	
12	edo@dartsclub.sk	$2b$12$2F8eVyBq.1jkY8.Ye4sp.OZi94dQAqtl12e1S1UWrMU.dcNWd6AiW	edo	7	t	t	
78	martis@gasparikmasovyroba.sk	$2b$12$6M4GfhT43Wai/iz1v4dGiusQv2215QfOvFiOswghGArBowGl5i3EK	mito	\N	f	f	
84	info@appdesign.sk	$2b$12$twPyMFaKyuyGYxlC8oavCu68/2oTwBkSJk7xMYzIdCYA5iXK7Dp0i	appdesign	\N	t	t	
4	juso1979@gmail.com	$2b$12$hejq8X07EVAJkZLXhLqi1.6oYR/vViEI4v2Eyj02LrWWfJXq3/ZIa	juso	23	t	t	
14	valentatomi@gmail.com	$2b$12$euUzHx4shJtqPer6MVwjA.tvlr/sqDWw/1pfqOyhiOEK5UmfZa2eu	Tom V	3	t	t	
32	varga.milos01@gmail.com	$2b$12$jOokveZNatL/P6cHEffnlOJQSDxxS/vG16dCy1GxH2wIpganNcQFO	Milo	0	t	t	
19	mraz.manutd@gmail.com	$2b$12$2F8eVyBq.1jkY8.Ye4sp.OZi94dQAqtl12e1S1UWrMU.dcNWd6AiW	marek	20	f	t	
21	milanmartis@gmail.com	$2b$12$354/vHzI50gi4mFcquoPu.ObR5JbdjlpAghtDYnkWfF/s7ZEVk1be	admin	0	t	t	sub_1O5FoJKr9xveA3fnM5cTadOl
7	petko@dartsclub.sk	$2b$12$WBUxle.D54XqhrU8y14Yt.9GbYO/4xOtm8F.GJq9AM.rA/zAj.E/G	peto	18	t	t	
27	h4@dartsclub.sk	$2b$12$2F8eVyBq.1jkY8.Ye4sp.OZi94dQAqtl12e1S1UWrMU.dcNWd6AiW	h4	0	f	t	
26	drahos@dartsclub.sk	$2b$12$2F8eVyBq.1jkY8.Ye4sp.OZi94dQAqtl12e1S1UWrMU.dcNWd6AiW	Draho	2	t	t	
16	chvilat@gmail.com	$2b$12$KYkmaqEPdTez1Arj0RKhx.gNoiPF0Ns.pUJ4KsLtWTk9wWr2cp83K	tom	22	t	t	
1	hery@dartsclub.sk	$2b$12$2F8eVyBq.1jkY8.Ye4sp.OZi94dQAqtl12e1S1UWrMU.dcNWd6AiW	hery	8	t	t	
3	emre10@centrum.cz	$2b$12$2F8eVyBq.1jkY8.Ye4sp.OZi94dQAqtl12e1S1UWrMU.dcNWd6AiW	imre	6	f	t	
23	konik_r@dartsclub.sk	$2b$12$2F8eVyBq.1jkY8.Ye4sp.OZi94dQAqtl12e1S1UWrMU.dcNWd6AiW	Konk R	10	t	t	
5	jaroslav.stroffek@gmail.com	$2b$12$N6yKvfnndYtKMhEYkF.F1.8dw25BCzkWoPp5pFXntyGk9DId9vvP6	jardo	21	t	t	
28	marcel_pis@dartsclub.sk	$2b$12$2F8eVyBq.1jkY8.Ye4sp.OZi94dQAqtl12e1S1UWrMU.dcNWd6AiW	Marcel P	9	t	t	
15	m.benoo@gmail.com	$2b$12$pHLw1m1XIRXs79pS0Rn7IOdOSJ0jKlFqANCR3WiniEnlMbvu2Mo5C	majo	12	t	t	
2	presinsk.andrej6@gmail.com	$2b$12$2F8eVyBq.1jkY8.Ye4sp.OZi94dQAqtl12e1S1UWrMU.dcNWd6AiW	andy	1	f	t	
18	samo_n@dartsclub.sk	$2b$12$2F8eVyBq.1jkY8.Ye4sp.OZi94dQAqtl12e1S1UWrMU.dcNWd6AiW	samo n	16	f	t	
8	demo@dartsclub.sk	$2b$12$2F8eVyBq.1jkY8.Ye4sp.OZi94dQAqtl12e1S1UWrMU.dcNWd6AiW	demo	11	t	t	sub_1O5NJHKr9xveA3fn2pnH1V9d
22	petgric@gmail.com	$2b$12$/ua21TfJ5DbWIxoTo79cQepy6HNSrYU5DaHpv4v2ng5X46jaRRJSm	petko@dart	0	t	t	sub_1O5NqlKr9xveA3fnTyIS6IUG
17	pista@dartsclub.sk	$2b$12$2F8eVyBq.1jkY8.Ye4sp.OZi94dQAqtl12e1S1UWrMU.dcNWd6AiW	Pita	0	t	t	sub_1O5NvIKr9xveA3fnTgifYAOZ
\.


--
-- Data for Name: user_duel; Type: TABLE DATA; Schema: public; Owner: poktwcytjzkyew
--

COPY public.user_duel (user_id, duel_id, result, against, points, checked, notez, addons) FROM stdin;
1	1	3	6	0	true	\N	1
2	1	6	3	2	true	\N	1
1	3	6	1	2	true	\N	1
4	3	1	6	0	true	\N	1
1	4	6	4	2	true	\N	1
5	4	4	6	0	true	\N	1
2	5	6	4	2	true	\N	1
3	5	4	6	0	true	\N	1
2	6	6	1	2	true	\N	1
4	6	1	6	0	true	\N	1
2	7	6	0	2	true	\N	1
5	7	0	6	0	true	\N	1
3	8	6	1	2	true	\N	1
4	8	1	6	0	true	\N	1
3	9	6	0	2	true	\N	1
5	9	0	6	0	true	\N	1
6	12	4	6	0	true	\N	1
8	12	6	4	2	true	\N	1
6	13	4	0	2	true	\N	1
9	13	0	4	0	true	\N	1
6	14	6	1	2	true	\N	1
10	14	1	6	0	true	\N	1
7	15	3	6	0	true	\N	1
8	15	6	3	2	true	\N	1
7	16	4	0	2	true	\N	1
9	16	0	4	0	true	\N	1
7	17	4	0	2	true	\N	1
10	17	0	4	0	true	\N	1
8	18	4	0	2	true	\N	1
9	18	0	4	0	true	\N	1
8	19	4	0	2	true	\N	1
10	19	0	4	0	true	\N	1
9	20	0	4	0	true	\N	1
10	20	4	0	2	true	\N	1
11	21	4	6	0	true	\N	1
12	21	6	4	2	true	\N	1
11	22	4	0	2	true	\N	1
13	22	0	4	0	true	\N	1
11	23	4	6	0	true	\N	1
14	23	6	4	2	true	\N	1
11	24	3	6	0	true	\N	1
15	24	6	3	2	true	\N	1
12	25	4	0	2	true	\N	1
13	25	0	4	0	true	\N	1
12	26	0	6	0	true	\N	1
14	26	6	0	2	true	\N	1
12	27	3	6	0	true	\N	1
15	27	6	3	2	true	\N	1
13	28	0	4	0	true	\N	1
14	28	4	0	2	true	\N	1
13	29	0	4	0	true	\N	1
15	29	4	0	2	true	\N	1
14	30	6	4	2	true	\N	1
15	30	4	6	0	true	\N	1
16	91	6	4	2	true	\N	1
17	91	4	6	0	true	\N	1
16	92	1	6	0	true	\N	1
18	92	6	1	2	true	\N	1
16	93	6	3	2	true	\N	1
19	93	3	6	0	true	\N	1
16	94	4	0	2	true	\N	1
20	94	0	4	0	true	\N	1
17	95	0	6	0	true	\N	1
18	95	6	0	2	true	\N	1
17	96	6	4	2	true	\N	1
19	96	4	6	0	true	\N	1
17	97	4	0	2	true	\N	1
20	97	0	4	0	true	\N	1
18	98	6	0	2	true	\N	1
19	98	0	6	0	true	\N	1
18	99	4	0	2	true	\N	1
20	99	0	4	0	true	\N	1
19	100	4	0	2	true	\N	1
20	100	0	4	0	true	\N	1
15	113	6	3	2	true	\N	1
1	105	2	6	0	true	\N	1
13	130	0	4	0	true	\N	1
1	109	4	6	0	true	\N	1
16	127	0	6	0	true	\N	1
14	102	6	2	2	true	\N	1
4	117	4	0	2	true	\N	1
7	112	3	6	0	true	\N	1
2	105	6	2	2	true	\N	1
1	108	1	6	0	true	\N	1
9	114	0	4	0	true	\N	1
18	114	4	0	2	true	\N	1
9	117	0	4	0	true	\N	1
9	119	0	4	0	true	\N	1
14	103	5	6	1	true	\N	1
3	103	6	5	2	true	\N	1
9	120	0	4	0	true	\N	1
15	120	4	0	2	true	\N	1
2	107	5	6	1	true	\N	1
3	106	6	4	2	true	\N	1
8	107	6	5	2	true	\N	1
2	106	4	6	0	true	\N	1
7	119	4	0	2	true	\N	1
1	102	2	6	0	true	\N	1
13	128	0	4	0	true	\N	1
12	123	4	0	2	true	\N	1
13	126	0	4	0	true	\N	1
2	697	3	6	0	true	\N	1
18	112	6	3	2	true	\N	1
15	118	6	1	2	true	\N	1
4	116	1	6	0	true	\N	1
5	129	0	6	0	true	\N	1
14	104	6	3	2	true	\N	1
8	104	3	6	0	true	\N	1
15	116	6	1	2	true	\N	1
6	129	6	0	2	true	\N	1
7	115	6	1	2	true	\N	1
7	118	1	6	0	true	\N	1
5	125	6	1	2	true	\N	1
16	125	1	6	0	true	\N	1
6	127	6	0	2	true	\N	1
3	108	6	1	2	true	\N	1
8	109	6	4	2	true	\N	1
25	143	0	6	0	true	\N	1
26	143	6	0	2	true	\N	1
27	150	0	4	0	true	\N	1
18	111	6	2	2	true	\N	1
12	124	4	6	0	true	\N	1
16	121	0	0	0	true	\N	1
17	145	0	0	0	true	\N	1
12	122	1	6	0	true	\N	1
5	122	6	1	2	true	\N	1
12	121	0	0	0	true	\N	1
6	11	6	3	2	true	\N	1
4	111	2	6	0	true	\N	1
7	11	3	6	0	true	\N	1
5	10	6	1	2	true	\N	1
1	2	2	6	0	true	\N	1
4	10	1	6	0	true	\N	1
3	2	6	2	2	true	\N	1
26	150	4	0	2	true	\N	1
19	140	6	0	2	true	\N	1
24	140	0	6	0	true	\N	1
20	134	0	4	0	true	\N	1
24	134	4	0	2	true	\N	1
17	148	2	6	0	true	\N	1
26	148	6	2	2	true	\N	1
19	138	2	6	0	true	\N	1
23	138	6	2	2	true	\N	1
23	135	0	6	0	true	\N	1
11	135	6	0	2	true	\N	1
5	128	4	0	2	true	\N	1
25	142	6	4	2	true	\N	1
6	130	4	0	2	true	\N	1
13	123	0	4	0	true	\N	1
17	142	4	6	0	true	\N	1
16	126	4	0	2	true	\N	1
23	132	4	0	2	true	\N	1
20	132	0	4	0	true	\N	1
24	137	1	6	0	true	\N	1
11	137	6	1	2	true	\N	1
20	133	0	4	0	true	\N	1
11	136	6	2	2	true	\N	1
19	136	2	6	0	true	\N	1
20	131	0	4	0	true	\N	1
11	131	4	0	2	true	\N	1
19	133	4	0	2	true	\N	1
2	101	6	2	2	true	\N	1
14	101	2	6	0	true	\N	1
25	141	6	1	2	true	\N	1
10	141	1	6	0	true	\N	1
4	115	1	6	0	true	\N	1
18	113	3	6	0	true	\N	1
27	144	0	4	0	true	\N	1
25	144	4	0	2	true	\N	1
10	147	4	0	2	true	\N	1
26	146	6	3	2	true	\N	1
10	146	3	6	0	true	\N	1
27	147	0	4	0	true	\N	1
17	149	4	0	2	true	\N	1
27	149	0	4	0	true	\N	1
9	162	0	4	0	true	\N	1
3	110	5	6	1	true	\N	1
8	110	6	5	2	true	\N	1
6	124	6	4	2	true	\N	1
3	155	6	3	2	true	\N	1
8	155	3	6	0	true	\N	1
6	160	4	6	0	true	\N	1
6	159	6	1	2	true	\N	1
24	139	0	0	0	true	\N	1
23	139	0	0	0	true	\N	1
2	160	6	4	2	true	\N	1
4	182	3	6	0	true	\N	1
10	145	0	0	0	true	\N	1
15	151	3	6	0	true	\N	1
3	151	6	3	2	true	\N	1
8	152	5	6	1	true	\N	1
15	152	6	5	2	true	\N	1
15	153	3	6	0	true	\N	1
2	153	6	3	2	true	\N	1
6	154	6	4	2	true	\N	1
15	154	4	6	0	true	\N	1
3	156	5	6	1	true	\N	1
2	156	6	5	2	true	\N	1
3	157	4	6	0	true	\N	1
6	157	6	4	2	true	\N	1
2	158	6	3	2	true	\N	1
8	158	3	6	0	true	\N	1
8	159	1	6	0	true	\N	1
7	161	5	6	1	true	\N	1
26	163	6	0	2	true	\N	1
5	161	6	5	2	true	\N	1
5	162	4	0	2	true	\N	1
5	163	0	6	0	true	\N	1
5	164	0	6	0	true	\N	1
14	164	6	0	2	true	\N	1
9	165	0	4	0	true	\N	1
7	165	4	0	2	true	\N	1
7	166	0	6	0	true	\N	1
26	166	6	0	2	true	\N	1
7	167	1	6	0	true	\N	1
14	167	6	1	2	true	\N	1
26	168	4	0	2	true	\N	1
9	168	0	4	0	true	\N	1
9	169	0	4	0	true	\N	1
14	169	4	0	2	true	\N	1
14	170	6	4	2	true	\N	1
26	170	4	6	0	true	\N	1
13	171	0	4	0	true	\N	1
12	171	4	0	2	true	\N	1
1	172	6	2	2	true	\N	1
12	172	2	6	0	true	\N	1
12	173	6	5	2	true	\N	1
18	173	5	6	1	true	\N	1
12	174	0	0	0	true	\N	1
11	174	0	0	0	true	\N	1
1	175	4	0	2	true	\N	1
13	175	0	4	0	true	\N	1
18	176	4	0	2	true	\N	1
13	176	0	4	0	true	\N	1
13	177	0	4	0	true	\N	1
11	177	4	0	2	true	\N	1
18	178	3	6	0	true	\N	1
1	178	6	3	2	true	\N	1
11	179	5	6	1	true	\N	1
1	179	6	5	2	true	\N	1
11	180	6	3	2	true	\N	1
18	180	3	6	0	true	\N	1
23	181	4	0	2	true	\N	1
20	181	0	4	0	true	\N	1
25	183	1	6	0	true	\N	1
23	183	6	1	2	true	\N	1
24	184	0	6	0	true	\N	1
4	188	3	6	0	true	\N	1
4	185	4	0	2	true	\N	1
20	185	0	4	0	true	\N	1
25	186	4	0	2	true	\N	1
20	186	0	4	0	true	\N	1
24	187	4	0	2	true	\N	1
20	187	0	4	0	true	\N	1
23	182	6	3	2	true	\N	1
23	184	6	0	2	true	\N	1
25	188	6	3	2	true	\N	1
2	453	6	4	2	true	\N	1
3	454	0	6	0	true	\N	1
8	452	0	0	0	true	\N	1
2	452	0	0	0	true	\N	1
26	455	0	0	0	true	\N	1
2	698	6	3	2	true	\N	1
10	192	6	3	2	true	\N	1
16	192	3	6	0	true	\N	1
16	193	6	2	2	true	\N	1
19	193	2	6	0	true	\N	1
17	194	0	4	0	true	\N	1
16	194	4	0	2	true	\N	1
27	195	0	4	0	true	\N	1
10	195	4	0	2	true	\N	1
19	196	4	0	2	true	\N	1
27	196	0	4	0	true	\N	1
27	197	0	4	0	true	\N	1
17	197	4	0	2	true	\N	1
19	198	6	5	2	true	\N	1
10	198	5	6	1	true	\N	1
10	199	4	0	2	true	\N	1
17	199	0	4	0	true	\N	1
17	200	3	6	0	true	\N	1
19	200	6	3	2	true	\N	1
27	191	0	4	0	true	\N	1
16	191	4	0	2	true	\N	1
24	189	0	6	0	true	\N	1
4	189	6	0	2	true	\N	1
25	190	6	1	2	true	\N	1
24	190	1	6	0	true	\N	1
4	236	4	0	2	true	\N	1
6	208	3	6	0	true	\N	1
17	236	0	4	0	true	\N	1
14	209	0	0	0	true	\N	1
6	209	0	0	0	true	\N	1
30	249	4	0	2	true	\N	1
15	213	6	5	2	true	\N	1
26	213	5	6	1	true	\N	1
12	219	6	1	2	true	\N	1
19	219	1	6	0	true	\N	1
12	217	6	3	2	true	\N	1
23	217	3	6	0	true	\N	1
8	224	6	5	2	true	\N	1
11	224	5	6	1	true	\N	1
8	223	6	1	2	true	\N	1
25	223	1	6	0	true	\N	1
10	227	6	5	2	true	\N	1
11	227	5	6	1	true	\N	1
4	238	2	6	0	true	\N	1
18	238	6	2	2	true	\N	1
29	234	6	0	2	true	\N	1
28	234	0	6	0	true	\N	1
14	204	6	2	2	true	\N	1
3	204	2	6	0	true	\N	1
2	207	3	6	0	true	\N	1
14	207	6	3	2	true	\N	1
10	225	2	6	0	true	\N	1
5	225	6	2	2	true	\N	1
5	228	6	4	2	true	\N	1
5	229	6	1	2	true	\N	1
1	210	5	6	1	true	\N	1
3	202	6	5	2	true	\N	1
16	241	6	1	2	true	\N	1
6	202	5	6	1	true	\N	1
7	243	5	6	1	true	\N	1
8	222	6	3	2	true	\N	1
4	233	1	6	0	true	\N	1
16	243	6	5	2	true	\N	1
12	214	5	6	1	true	\N	1
15	214	6	5	2	true	\N	1
1	206	2	6	0	true	\N	1
2	206	6	2	2	true	\N	1
2	205	6	3	2	true	\N	1
10	226	6	5	2	true	\N	1
6	205	3	6	0	true	\N	1
25	226	5	6	1	true	\N	1
11	230	6	5	2	true	\N	1
25	230	5	6	1	true	\N	1
5	222	3	6	0	true	\N	1
8	221	6	5	2	true	\N	1
29	233	6	1	2	true	\N	1
25	228	4	6	0	true	\N	1
11	229	1	6	0	true	\N	1
10	221	5	6	1	true	\N	1
24	241	1	6	0	true	\N	1
23	211	6	5	2	true	\N	1
14	210	6	5	2	true	\N	1
28	240	5	6	1	true	\N	1
3	201	6	4	2	true	\N	1
1	203	2	6	0	true	\N	1
16	242	4	0	2	true	\N	1
27	242	0	4	0	true	\N	1
3	203	6	2	2	true	\N	1
1	208	6	3	2	true	\N	1
15	211	5	6	1	true	\N	1
19	212	1	6	0	true	\N	1
15	212	6	1	2	true	\N	1
23	215	6	4	2	true	\N	1
19	215	4	6	0	true	\N	1
26	216	6	0	2	true	\N	1
23	216	0	6	0	true	\N	1
26	218	6	0	2	true	\N	1
19	218	0	6	0	true	\N	1
26	220	6	1	2	true	\N	1
12	220	1	6	0	true	\N	1
17	231	0	4	0	true	\N	1
29	231	4	0	2	true	\N	1
29	232	6	0	2	true	\N	1
18	232	0	6	0	true	\N	1
17	235	0	4	0	true	\N	1
18	235	4	0	2	true	\N	1
28	237	4	0	2	true	\N	1
17	237	0	4	0	true	\N	1
18	239	6	0	2	true	\N	1
28	239	0	6	0	true	\N	1
4	240	6	5	2	true	\N	1
24	246	0	0	0	true	\N	1
7	246	0	0	0	true	\N	1
30	244	6	0	2	true	\N	1
16	244	0	6	0	true	\N	1
30	247	6	0	2	true	\N	1
24	247	0	6	0	true	\N	1
24	245	4	0	2	true	\N	1
27	245	0	4	0	true	\N	1
27	248	0	4	0	true	\N	1
7	248	4	0	2	true	\N	1
27	249	0	4	0	true	\N	1
2	201	4	6	0	true	\N	1
26	457	6	3	2	true	\N	1
8	455	0	0	0	true	\N	1
8	458	0	0	0	true	\N	1
7	250	2	6	0	true	\N	1
30	250	6	2	2	true	\N	1
1	470	6	1	2	true	\N	1
3	459	0	0	0	true	\N	1
10	470	1	6	0	true	\N	1
18	471	5	6	1	true	\N	1
12	471	6	5	2	true	\N	1
16	468	6	4	2	true	\N	1
16	465	0	6	0	true	\N	1
15	465	6	0	2	true	\N	1
28	491	6	0	2	true	\N	1
31	499	0	6	0	true	\N	1
4	484	0	0	0	true	\N	1
7	491	0	6	0	true	\N	1
19	497	2	6	0	true	\N	1
28	497	6	2	2	true	\N	1
6	480	6	0	2	true	\N	1
30	480	0	6	0	true	\N	1
2	454	6	0	2	true	\N	1
23	484	0	0	0	true	\N	1
10	468	4	6	0	true	\N	1
29	463	6	4	2	true	\N	1
10	463	4	6	0	true	\N	1
32	488	0	0	0	true	\N	1
11	488	0	0	0	true	\N	1
25	493	0	0	0	true	\N	1
7	493	0	0	0	true	\N	1
18	473	0	6	0	true	\N	1
7	494	6	1	2	true	\N	1
30	473	6	0	2	true	\N	1
19	494	1	6	0	true	\N	1
26	451	1	6	0	true	\N	1
4	481	0	0	0	true	\N	1
2	451	6	1	2	true	\N	1
30	478	0	0	0	true	\N	1
25	500	6	4	2	true	\N	1
19	500	4	6	0	true	\N	1
3	457	3	6	0	true	\N	1
14	460	6	4	2	true	\N	1
1	464	2	6	0	true	\N	1
16	462	1	6	0	true	\N	1
14	453	4	6	0	true	\N	1
29	462	6	1	2	true	\N	1
18	472	5	6	1	true	\N	1
5	472	6	5	2	true	\N	1
29	464	6	2	2	true	\N	1
25	496	5	6	1	true	\N	1
28	496	6	5	2	true	\N	1
3	460	4	6	0	true	\N	1
26	456	6	1	2	true	\N	1
5	478	0	0	0	true	\N	1
24	481	0	0	0	true	\N	1
29	461	6	5	2	true	\N	1
15	461	5	6	1	true	\N	1
10	466	2	6	0	true	\N	1
15	466	6	2	2	true	\N	1
1	467	4	6	0	true	\N	1
32	485	0	0	0	true	\N	1
12	477	4	6	0	true	\N	1
30	476	6	3	2	true	\N	1
12	476	3	6	0	true	\N	1
6	477	6	4	2	true	\N	1
15	467	6	4	2	true	\N	1
1	469	6	3	2	true	\N	1
16	469	3	6	0	true	\N	1
24	485	0	0	0	true	\N	1
5	475	2	6	0	true	\N	1
18	474	2	6	0	true	\N	1
6	474	6	2	2	true	\N	1
14	456	1	6	0	true	\N	1
12	475	6	2	2	true	\N	1
32	482	0	0	0	true	\N	1
4	482	0	0	0	true	\N	1
32	489	0	0	0	true	\N	1
23	489	0	0	0	true	\N	1
31	495	0	6	0	true	\N	1
14	458	0	0	0	true	\N	1
11	486	0	0	0	true	\N	1
11	483	0	0	0	true	\N	1
4	483	0	0	0	true	\N	1
24	486	0	0	0	true	\N	1
5	479	0	0	0	true	\N	1
6	479	0	0	0	true	\N	1
28	495	6	0	2	true	\N	1
8	459	0	0	0	true	\N	1
23	490	0	0	0	true	\N	1
11	490	0	0	0	true	\N	1
24	487	0	0	0	true	\N	1
23	487	0	0	0	true	\N	1
25	498	6	0	2	true	\N	1
31	498	0	6	0	true	\N	1
31	492	0	6	0	true	\N	1
7	492	6	0	2	true	\N	1
19	499	6	0	2	true	\N	1
28	716	5	6	1	true	\N	1
23	714	2	6	0	true	\N	1
3	714	6	2	2	true	\N	1
3	716	6	5	2	true	\N	1
26	704	0	0	0	true	\N	1
29	704	0	0	0	true	\N	1
14	705	6	0	2	true	\N	1
6	701	6	0	2	true	\N	1
26	705	0	6	0	true	\N	1
6	702	6	0	2	true	\N	1
29	706	0	6	0	true	\N	1
14	706	6	0	2	true	\N	1
29	702	0	6	0	true	\N	1
1	711	6	2	2	true	\N	1
23	711	2	6	0	true	\N	1
2	700	6	2	2	true	\N	1
14	700	2	6	0	true	\N	1
6	703	1	6	0	true	\N	1
14	703	6	1	2	true	\N	1
3	709	6	0	2	true	\N	1
12	709	0	6	0	true	\N	1
12	707	6	0	2	true	\N	1
1	712	0	6	0	true	\N	1
12	710	6	4	2	true	\N	1
28	710	4	6	0	true	\N	1
1	713	0	6	0	true	\N	1
3	712	6	0	2	true	\N	1
28	713	6	0	2	true	\N	1
15	717	0	0	0	true	\N	1
23	715	0	0	0	true	\N	1
28	715	0	0	0	true	\N	1
11	720	0	6	0	true	\N	1
23	708	4	6	0	true	\N	1
12	708	6	4	2	true	\N	1
6	697	6	3	2	true	\N	1
26	698	3	6	0	true	\N	1
16	743	0	0	0	true	\N	1
1	707	0	6	0	true	\N	1
25	723	0	6	0	true	\N	1
19	727	6	0	2	true	\N	1
18	727	0	6	0	true	\N	1
11	723	6	0	2	true	\N	1
4	738	0	6	0	true	\N	1
5	738	6	0	2	true	\N	1
18	728	0	6	0	true	\N	1
83	728	6	0	2	true	\N	1
8	725	0	0	0	true	\N	1
11	725	0	0	0	true	\N	1
18	730	0	6	0	true	\N	1
7	730	6	0	2	true	\N	1
10	736	0	0	0	true	\N	1
7	736	0	0	0	true	\N	1
10	729	6	0	2	true	\N	1
18	729	0	6	0	true	\N	1
19	731	0	6	0	true	\N	1
10	732	3	6	0	true	\N	1
19	732	6	3	2	true	\N	1
83	731	6	0	2	true	\N	1
8	724	0	0	0	true	\N	1
30	724	0	0	0	true	\N	1
10	734	0	0	0	true	\N	1
83	734	0	0	0	true	\N	1
7	733	6	4	2	true	\N	1
19	733	4	6	0	true	\N	1
4	741	0	6	0	true	\N	1
13	741	6	0	2	true	\N	1
2	699	6	0	2	true	\N	1
29	699	0	6	0	true	\N	1
26	701	0	6	0	true	\N	1
25	721	0	0	0	true	\N	1
7	735	0	0	0	true	\N	1
83	735	0	0	0	true	\N	1
8	721	0	0	0	true	\N	1
82	744	6	0	2	true	\N	1
4	744	0	6	0	true	\N	1
5	737	0	0	0	true	\N	1
4	745	0	6	0	true	\N	1
16	745	6	0	2	true	\N	1
13	737	0	0	0	true	\N	1
5	739	0	0	0	true	\N	1
82	739	0	0	0	true	\N	1
16	740	0	0	0	true	\N	1
15	720	6	0	2	true	\N	1
5	740	0	0	0	true	\N	1
8	718	0	0	0	true	\N	1
15	718	0	0	0	true	\N	1
13	742	0	0	0	true	\N	1
82	742	0	0	0	true	\N	1
82	746	6	4	2	true	\N	1
16	746	4	6	0	true	\N	1
13	743	0	0	0	true	\N	1
15	719	0	6	0	true	\N	1
30	719	6	0	2	true	\N	1
30	722	0	0	0	true	\N	1
25	722	0	0	0	true	\N	1
25	717	0	0	0	true	\N	1
30	726	0	0	0	true	\N	1
11	726	0	0	0	true	\N	1
6	787	0	0	0	false	\N	1
6	788	0	0	0	false	\N	1
3	788	0	0	0	false	\N	1
6	789	0	0	0	false	\N	1
2	789	0	0	0	false	\N	1
6	790	0	0	0	false	\N	1
30	790	0	0	0	false	\N	1
14	791	0	0	0	false	\N	1
3	791	0	0	0	false	\N	1
14	792	0	0	0	false	\N	1
2	792	0	0	0	false	\N	1
14	793	0	0	0	false	\N	1
30	793	0	0	0	false	\N	1
3	794	0	0	0	false	\N	1
2	794	0	0	0	false	\N	1
3	795	0	0	0	false	\N	1
30	795	0	0	0	false	\N	1
2	796	0	0	0	false	\N	1
30	796	0	0	0	false	\N	1
19	797	0	0	0	false	\N	1
82	797	0	0	0	false	\N	1
19	798	0	0	0	false	\N	1
8	798	0	0	0	false	\N	1
19	800	0	0	0	false	\N	1
28	800	0	0	0	false	\N	1
82	801	0	0	0	false	\N	1
8	801	0	0	0	false	\N	1
82	802	0	0	0	false	\N	1
12	802	0	0	0	false	\N	1
82	803	0	0	0	false	\N	1
28	803	0	0	0	false	\N	1
8	805	0	0	0	false	\N	1
28	805	0	0	0	false	\N	1
12	806	0	0	0	false	\N	1
28	806	0	0	0	false	\N	1
16	807	0	0	0	false	\N	1
83	807	0	0	0	false	\N	1
16	808	0	0	0	false	\N	1
11	808	0	0	0	false	\N	1
16	810	0	0	0	false	\N	1
1	810	0	0	0	false	\N	1
83	811	0	0	0	false	\N	1
11	811	0	0	0	false	\N	1
83	813	0	0	0	false	\N	1
1	813	0	0	0	false	\N	1
11	814	0	0	0	false	\N	1
15	814	0	0	0	false	\N	1
11	815	0	0	0	false	\N	1
1	815	0	0	0	false	\N	1
15	816	0	0	0	false	\N	1
1	816	0	0	0	false	\N	1
23	817	0	0	0	false	\N	1
5	817	0	0	0	false	\N	1
23	818	0	0	0	false	\N	1
25	818	0	0	0	false	\N	1
23	819	0	0	0	false	\N	1
7	819	0	0	0	false	\N	1
23	820	0	0	0	false	\N	1
10	820	0	0	0	false	\N	1
5	821	0	0	0	false	\N	1
25	821	0	0	0	false	\N	1
5	822	0	0	0	false	\N	1
7	822	0	0	0	false	\N	1
5	823	0	0	0	false	\N	1
10	823	0	0	0	false	\N	1
25	824	0	0	0	false	\N	1
7	824	0	0	0	false	\N	1
25	825	0	0	0	false	\N	1
10	825	0	0	0	false	\N	1
7	826	0	0	0	false	\N	1
10	826	0	0	0	false	\N	1
19	799	2	6	0	true	\N	1
26	832	6	2	2	true	\N	1
12	799	6	2	2	true	\N	1
26	829	2	6	0	true	\N	1
12	829	6	2	2	true	\N	1
26	836	4	6	0	true	\N	1
8	833	6	3	2	true	\N	1
21	833	3	6	0	true	\N	1
8	836	6	4	2	true	\N	1
8	804	2	6	0	true	\N	1
12	804	6	2	2	true	\N	1
10	834	3	6	0	true	\N	1
14	787	0	0	0	false	\N	1
26	834	6	3	2	true	\N	1
12	827	6	4	2	true	\N	1
21	827	4	6	0	true	\N	1
12	838	6	3	2	true	\N	1
15	809	6	3	2	true	\N	1
21	832	2	6	0	true	\N	1
10	835	5	6	1	true	\N	1
8	835	6	5	2	true	\N	1
12	828	4	6	0	true	\N	1
10	828	6	4	2	true	\N	1
26	841	6	1	2	true	\N	1
26	842	2	6	0	true	\N	1
21	844	4	6	0	true	\N	1
12	844	6	4	2	true	\N	1
12	841	1	6	0	true	\N	1
21	842	6	2	2	true	\N	1
12	845	3	2	0	true	\N	1
8	847	0	0	0	false	\N	1
26	843	6	5	2	true	\N	1
8	843	5	6	1	true	\N	1
8	846	0	0	0	true	\N	1
12	830	5	0	0	true	\N	1
8	830	0	5	0	true	\N	1
10	831	2	1	0	true	\N	1
26	847	0	0	0	false	\N	1
8	848	0	0	0	false	\N	1
8	845	2	3	0	true	\N	1
21	848	0	0	0	false	\N	1
21	831	1	2	0	true	\N	1
21	846	0	0	0	true	\N	1
8	849	0	0	0	false	\N	1
12	849	0	0	0	false	\N	1
26	850	0	0	0	false	\N	1
21	850	0	0	0	false	\N	1
26	851	0	0	0	false	\N	1
12	851	0	0	0	false	\N	1
21	852	0	0	0	false	\N	1
12	852	0	0	0	false	\N	1
8	853	0	0	0	false	\N	1
26	853	0	0	0	false	\N	1
8	854	0	0	0	false	\N	1
12	854	0	0	0	false	\N	1
83	812	6	5	2	true	\N	1
26	838	3	6	0	true	\N	1
15	812	5	6	1	true	\N	1
8	855	0	0	0	false	\N	1
12	856	0	0	0	false	\N	1
21	855	0	0	0	false	\N	1
12	858	0	0	0	false	\N	1
26	856	0	0	0	false	\N	1
21	857	0	0	0	false	\N	1
26	857	0	0	0	false	\N	1
21	858	0	0	0	false	\N	1
29	911	0	0	0	false	\N	1
84	912	0	0	0	false	\N	1
21	837	1	6	0	true	\N	1
26	912	0	0	0	false	\N	1
84	913	0	0	0	false	\N	1
29	913	0	0	0	false	\N	1
26	914	0	0	0	false	\N	1
8	837	6	1	2	true	\N	1
21	859	0	0	0	false	\N	1
26	859	0	0	0	false	\N	1
21	860	0	0	0	false	\N	1
12	860	0	0	0	false	\N	1
21	861	0	0	0	false	\N	1
8	861	0	0	0	false	\N	1
26	862	0	0	0	false	\N	1
12	862	0	0	0	false	\N	1
26	863	0	0	0	false	\N	1
8	863	0	0	0	false	\N	1
12	864	0	0	0	false	\N	1
8	864	0	0	0	false	\N	1
24	865	0	0	0	false	\N	1
26	865	0	0	0	false	\N	1
24	866	0	0	0	false	\N	1
12	866	0	0	0	false	\N	1
24	867	0	0	0	false	\N	1
8	867	0	0	0	false	\N	1
26	868	0	0	0	false	\N	1
12	868	0	0	0	false	\N	1
26	869	0	0	0	false	\N	1
8	869	0	0	0	false	\N	1
12	870	0	0	0	false	\N	1
8	870	0	0	0	false	\N	1
8	871	0	0	0	false	\N	1
31	871	0	0	0	false	\N	1
8	872	0	0	0	false	\N	1
26	872	0	0	0	false	\N	1
8	873	0	0	0	false	\N	1
24	873	0	0	0	false	\N	1
8	874	0	0	0	false	\N	1
9	874	0	0	0	false	\N	1
31	875	0	0	0	false	\N	1
26	875	0	0	0	false	\N	1
31	877	0	0	0	false	\N	1
9	877	0	0	0	false	\N	1
26	878	0	0	0	false	\N	1
24	878	0	0	0	false	\N	1
26	879	0	0	0	false	\N	1
9	879	0	0	0	false	\N	1
24	880	0	0	0	false	\N	1
9	880	0	0	0	false	\N	1
13	881	0	0	0	false	\N	1
18	881	0	0	0	false	\N	1
13	882	0	0	0	false	\N	1
3	882	0	0	0	false	\N	1
13	883	0	0	0	false	\N	1
12	883	0	0	0	false	\N	1
13	884	0	0	0	false	\N	1
82	884	0	0	0	false	\N	1
18	885	0	0	0	false	\N	1
3	885	0	0	0	false	\N	1
18	886	0	0	0	false	\N	1
12	886	0	0	0	false	\N	1
18	887	0	0	0	false	\N	1
82	887	0	0	0	false	\N	1
3	888	0	0	0	false	\N	1
12	888	0	0	0	false	\N	1
3	889	0	0	0	false	\N	1
82	889	0	0	0	false	\N	1
12	890	0	0	0	false	\N	1
82	890	0	0	0	false	\N	1
29	914	0	0	0	false	\N	1
8	915	0	0	0	false	\N	1
29	915	0	0	0	false	\N	1
8	916	0	0	0	false	\N	1
31	876	6	0	2	true	\N	1
24	876	0	6	0	true	\N	1
10	891	0	0	0	false	\N	1
12	891	0	0	0	false	\N	1
10	892	0	0	0	false	\N	1
21	892	0	0	0	false	\N	1
10	893	0	0	0	false	\N	1
8	893	0	0	0	false	\N	1
12	894	0	0	0	false	\N	1
21	894	0	0	0	false	\N	1
12	895	0	0	0	false	\N	1
8	895	0	0	0	false	\N	1
21	896	0	0	0	false	\N	1
8	896	0	0	0	false	\N	1
26	897	0	0	0	false	\N	1
84	897	0	0	0	false	\N	1
26	898	0	0	0	false	\N	1
29	898	0	0	0	false	\N	1
26	899	0	0	0	false	\N	1
9	899	0	0	0	false	\N	1
84	900	0	0	0	false	\N	1
29	900	0	0	0	false	\N	1
84	901	0	0	0	false	\N	1
9	901	0	0	0	false	\N	1
29	902	0	0	0	false	\N	1
9	902	0	0	0	false	\N	1
8	903	0	0	0	false	\N	1
10	903	0	0	0	false	\N	1
8	904	0	0	0	false	\N	1
12	904	0	0	0	false	\N	1
8	905	0	0	0	false	\N	1
21	905	0	0	0	false	\N	1
10	906	0	0	0	false	\N	1
12	906	0	0	0	false	\N	1
10	907	0	0	0	false	\N	1
21	907	0	0	0	false	\N	1
12	908	0	0	0	false	\N	1
21	908	0	0	0	false	\N	1
9	909	0	0	0	false	\N	1
84	909	0	0	0	false	\N	1
9	910	0	0	0	false	\N	1
26	910	0	0	0	false	\N	1
9	911	0	0	0	false	\N	1
14	916	0	0	0	false	\N	1
8	917	0	0	0	false	\N	1
21	917	0	0	0	false	\N	1
29	918	0	0	0	false	\N	1
14	918	0	0	0	false	\N	1
29	919	0	0	0	false	\N	1
21	919	0	0	0	false	\N	1
14	920	0	0	0	false	\N	1
21	920	0	0	0	false	\N	1
16	809	3	6	0	true	\N	1
29	921	0	0	0	false	\N	1
8	921	0	0	0	false	\N	1
29	922	0	0	0	false	\N	1
14	922	0	0	0	false	\N	1
8	923	0	0	0	false	\N	1
14	923	0	0	0	false	\N	1
26	924	0	0	0	false	\N	1
23	927	0	0	0	false	\N	1
22	924	0	0	0	false	\N	1
22	926	0	0	0	false	\N	1
27	927	0	0	0	false	\N	1
27	929	0	0	0	false	\N	1
26	925	0	0	0	false	\N	1
23	928	0	0	0	false	\N	1
21	925	0	0	0	false	\N	1
30	928	0	0	0	false	\N	1
21	926	0	0	0	false	\N	1
30	929	0	0	0	false	\N	1
18	930	0	0	0	false	\N	1
27	930	0	0	0	false	\N	1
18	931	0	0	0	false	\N	1
26	931	0	0	0	false	\N	1
18	932	0	0	0	false	\N	1
14	932	0	0	0	false	\N	1
18	933	0	0	0	false	\N	1
21	933	0	0	0	false	\N	1
18	934	0	0	0	false	\N	1
9	934	0	0	0	false	\N	1
18	935	0	0	0	false	\N	1
8	935	0	0	0	false	\N	1
18	936	0	0	0	false	\N	1
29	936	0	0	0	false	\N	1
18	937	0	0	0	false	\N	1
32	937	0	0	0	false	\N	1
18	938	0	0	0	false	\N	1
23	938	0	0	0	false	\N	1
18	939	0	0	0	false	\N	1
30	939	0	0	0	false	\N	1
18	940	0	0	0	false	\N	1
22	940	0	0	0	false	\N	1
27	942	0	0	0	false	\N	1
14	942	0	0	0	false	\N	1
27	943	0	0	0	false	\N	1
21	943	0	0	0	false	\N	1
27	944	0	0	0	false	\N	1
9	944	0	0	0	false	\N	1
27	945	0	0	0	false	\N	1
8	945	0	0	0	false	\N	1
27	946	0	0	0	false	\N	1
29	946	0	0	0	false	\N	1
27	947	0	0	0	false	\N	1
32	947	0	0	0	false	\N	1
27	948	0	0	0	false	\N	1
23	948	0	0	0	false	\N	1
27	949	0	0	0	false	\N	1
30	949	0	0	0	false	\N	1
27	950	0	0	0	false	\N	1
22	950	0	0	0	false	\N	1
26	951	0	0	0	false	\N	1
14	951	0	0	0	false	\N	1
26	952	0	0	0	false	\N	1
21	952	0	0	0	false	\N	1
26	953	0	0	0	false	\N	1
9	953	0	0	0	false	\N	1
26	954	0	0	0	false	\N	1
8	954	0	0	0	false	\N	1
26	955	0	0	0	false	\N	1
29	955	0	0	0	false	\N	1
26	956	0	0	0	false	\N	1
32	956	0	0	0	false	\N	1
26	957	0	0	0	false	\N	1
23	957	0	0	0	false	\N	1
26	958	0	0	0	false	\N	1
30	958	0	0	0	false	\N	1
26	959	0	0	0	false	\N	1
22	959	0	0	0	false	\N	1
14	961	0	0	0	false	\N	1
9	961	0	0	0	false	\N	1
14	962	0	0	0	false	\N	1
8	962	0	0	0	false	\N	1
14	963	0	0	0	false	\N	1
29	963	0	0	0	false	\N	1
14	964	0	0	0	false	\N	1
32	964	0	0	0	false	\N	1
14	965	0	0	0	false	\N	1
23	965	0	0	0	false	\N	1
14	966	0	0	0	false	\N	1
30	966	0	0	0	false	\N	1
14	967	0	0	0	false	\N	1
22	967	0	0	0	false	\N	1
21	968	0	0	0	false	\N	1
9	968	0	0	0	false	\N	1
21	969	0	0	0	false	\N	1
8	969	0	0	0	false	\N	1
21	970	0	0	0	false	\N	1
29	970	0	0	0	false	\N	1
21	971	0	0	0	false	\N	1
32	971	0	0	0	false	\N	1
21	972	0	0	0	false	\N	1
23	972	0	0	0	false	\N	1
21	973	0	0	0	false	\N	1
30	973	0	0	0	false	\N	1
21	974	0	0	0	false	\N	1
22	974	0	0	0	false	\N	1
9	975	0	0	0	false	\N	1
8	975	0	0	0	false	\N	1
9	976	0	0	0	false	\N	1
29	976	0	0	0	false	\N	1
9	977	0	0	0	false	\N	1
32	977	0	0	0	false	\N	1
9	978	0	0	0	false	\N	1
23	978	0	0	0	false	\N	1
9	979	0	0	0	false	\N	1
30	979	0	0	0	false	\N	1
9	980	0	0	0	false	\N	1
22	980	0	0	0	false	\N	1
8	982	0	0	0	false	\N	1
32	982	0	0	0	false	\N	1
8	983	0	0	0	false	\N	1
23	983	0	0	0	false	\N	1
8	984	0	0	0	false	\N	1
30	984	0	0	0	false	\N	1
29	986	0	0	0	false	\N	1
32	986	0	0	0	false	\N	1
29	987	0	0	0	false	\N	1
23	987	0	0	0	false	\N	1
29	988	0	0	0	false	\N	1
30	988	0	0	0	false	\N	1
29	989	0	0	0	false	\N	1
22	989	0	0	0	false	\N	1
32	990	0	0	0	false	\N	1
23	990	0	0	0	false	\N	1
32	991	0	0	0	false	\N	1
30	991	0	0	0	false	\N	1
32	992	0	0	0	false	\N	1
22	992	0	0	0	false	\N	1
23	993	0	0	0	false	\N	1
30	993	0	0	0	false	\N	1
23	994	0	0	0	false	\N	1
22	994	0	0	0	false	\N	1
30	995	0	0	0	false	\N	1
22	995	0	0	0	false	\N	1
26	941	6	0	2	true	\N	1
22	985	0	6	0	false	\N	1
8	985	6	0	2	true	\N	1
8	981	6	0	2	true	\N	1
27	941	0	6	0	true	\N	1
21	960	2	6	0	true	\N	1
29	981	0	6	0	false	\N	1
14	960	6	2	2	true	\N	1
8	996	0	0	0	false	\N	1
17	996	0	0	0	false	\N	1
8	997	0	0	0	false	\N	1
26	997	0	0	0	false	\N	1
8	998	0	0	0	false	\N	1
21	998	0	0	0	false	\N	1
17	1000	0	0	0	false	\N	1
26	1000	0	0	0	false	\N	1
17	1001	0	0	0	false	\N	1
21	1001	0	0	0	false	\N	1
17	1002	0	0	0	false	\N	1
23	1002	0	0	0	false	\N	1
26	1003	0	0	0	false	\N	1
21	1003	0	0	0	false	\N	1
26	1004	0	0	0	false	\N	1
23	1004	0	0	0	false	\N	1
21	1005	0	0	0	false	\N	1
23	1005	0	0	0	false	\N	1
23	999	5	0	0	true	\N	1
8	999	0	5	0	false	\N	1
12	1006	0	0	0	false	\N	1
8	1006	0	0	0	false	\N	1
12	1007	0	0	0	false	\N	1
26	1007	0	0	0	false	\N	1
12	1008	0	0	0	false	\N	1
21	1008	0	0	0	false	\N	1
8	1009	0	0	0	false	\N	1
26	1009	0	0	0	false	\N	1
8	1010	0	0	0	false	\N	1
21	1010	0	0	0	false	\N	1
26	1011	0	0	0	false	\N	1
21	1011	0	0	0	false	\N	1
23	1012	0	0	0	false	\N	1
20	1012	0	0	0	false	\N	1
23	1013	0	0	0	false	\N	1
26	1013	0	0	0	false	\N	1
23	1014	0	0	0	false	\N	1
21	1014	0	0	0	false	\N	1
23	1015	0	0	0	false	\N	1
24	1015	0	0	0	false	\N	1
23	1016	0	0	0	false	\N	1
8	1016	0	0	0	false	\N	1
23	1017	0	0	0	false	\N	1
17	1017	0	0	0	false	\N	1
20	1018	0	0	0	false	\N	1
26	1018	0	0	0	false	\N	1
20	1019	0	0	0	false	\N	1
21	1019	0	0	0	false	\N	1
20	1020	0	0	0	false	\N	1
24	1020	0	0	0	false	\N	1
20	1021	0	0	0	false	\N	1
8	1021	0	0	0	false	\N	1
20	1022	0	0	0	false	\N	1
17	1022	0	0	0	false	\N	1
26	1023	0	0	0	false	\N	1
21	1023	0	0	0	false	\N	1
26	1024	0	0	0	false	\N	1
24	1024	0	0	0	false	\N	1
26	1025	0	0	0	false	\N	1
8	1025	0	0	0	false	\N	1
26	1026	0	0	0	false	\N	1
17	1026	0	0	0	false	\N	1
21	1027	0	0	0	false	\N	1
24	1027	0	0	0	false	\N	1
21	1028	0	0	0	false	\N	1
8	1028	0	0	0	false	\N	1
21	1029	0	0	0	false	\N	1
17	1029	0	0	0	false	\N	1
24	1030	0	0	0	false	\N	1
8	1030	0	0	0	false	\N	1
24	1031	0	0	0	false	\N	1
17	1031	0	0	0	false	\N	1
8	1032	0	0	0	false	\N	1
17	1032	0	0	0	false	\N	1
\.


--
-- Data for Name: user_group; Type: TABLE DATA; Schema: public; Owner: poktwcytjzkyew
--

COPY public.user_group (user_id, groupz_id, season_id, round_id) FROM stdin;
1	1	1	1
2	1	1	1
3	1	1	1
4	1	1	1
5	1	1	1
6	2	1	1
7	2	1	1
8	2	1	1
9	2	1	1
10	2	1	1
11	3	1	1
12	3	1	1
13	3	1	1
14	3	1	1
15	3	1	1
16	7	1	1
17	7	1	1
18	7	1	1
19	7	1	1
20	7	1	1
2	8	1	2
3	8	1	2
1	8	1	2
8	8	1	2
14	8	1	2
4	9	1	2
7	9	1	2
15	9	1	2
18	9	1	2
9	9	1	2
5	10	1	2
6	10	1	2
12	10	1	2
16	10	1	2
13	10	1	2
11	11	1	2
19	11	1	2
23	11	1	2
24	11	1	2
20	11	1	2
10	12	1	2
17	12	1	2
25	12	1	2
26	12	1	2
27	12	1	2
3	13	1	3
8	13	1	3
2	13	1	3
15	13	1	3
6	13	1	3
14	14	1	3
5	14	1	3
7	14	1	3
26	14	1	3
9	14	1	3
1	15	1	3
18	15	1	3
12	15	1	3
11	15	1	3
13	15	1	3
4	16	1	3
23	16	1	3
25	16	1	3
24	16	1	3
20	16	1	3
16	17	1	3
19	17	1	3
17	17	1	3
10	17	1	3
27	17	1	3
2	18	\N	\N
6	18	\N	\N
3	18	\N	\N
1	18	\N	\N
14	18	\N	\N
15	19	\N	\N
26	19	\N	\N
12	19	\N	\N
23	19	\N	\N
19	19	\N	\N
8	20	\N	\N
11	20	\N	\N
5	20	\N	\N
10	20	\N	\N
25	20	\N	\N
18	21	\N	\N
4	21	\N	\N
17	21	\N	\N
28	21	\N	\N
29	21	\N	\N
7	22	\N	\N
16	22	\N	\N
24	22	\N	\N
30	22	\N	\N
27	22	\N	\N
3	46	\N	\N
14	46	\N	\N
2	46	\N	\N
8	46	\N	\N
26	46	\N	\N
1	47	\N	\N
15	47	\N	\N
10	47	\N	\N
29	47	\N	\N
16	47	\N	\N
6	48	\N	\N
5	48	\N	\N
12	48	\N	\N
30	48	\N	\N
18	48	\N	\N
23	49	\N	\N
11	49	\N	\N
4	49	\N	\N
24	49	\N	\N
32	49	\N	\N
19	50	\N	\N
25	50	\N	\N
7	50	\N	\N
28	50	\N	\N
31	50	\N	\N
2	71	\N	\N
26	71	\N	\N
14	71	\N	\N
29	71	\N	\N
6	71	\N	\N
3	72	\N	\N
12	72	\N	\N
1	72	\N	\N
28	72	\N	\N
23	72	\N	\N
8	73	\N	\N
15	73	\N	\N
30	73	\N	\N
11	73	\N	\N
25	73	\N	\N
18	74	\N	\N
10	74	\N	\N
7	74	\N	\N
83	74	\N	\N
19	74	\N	\N
5	75	\N	\N
16	75	\N	\N
4	75	\N	\N
82	75	\N	\N
13	75	\N	\N
2	80	\N	\N
14	80	\N	\N
6	80	\N	\N
3	80	\N	\N
30	80	\N	\N
12	81	\N	\N
28	81	\N	\N
8	81	\N	\N
19	81	\N	\N
82	81	\N	\N
11	82	\N	\N
1	82	\N	\N
15	82	\N	\N
83	82	\N	\N
16	82	\N	\N
23	83	\N	\N
25	83	\N	\N
7	83	\N	\N
5	83	\N	\N
10	83	\N	\N
8	84	\N	\N
21	84	\N	\N
12	84	\N	\N
10	84	\N	\N
26	84	\N	\N
21	87	\N	\N
8	87	\N	\N
26	88	\N	\N
12	88	\N	\N
8	89	\N	\N
26	90	\N	\N
21	99	\N	\N
26	100	\N	\N
8	101	\N	\N
12	102	\N	\N
21	103	\N	\N
26	103	\N	\N
8	103	\N	\N
12	103	\N	\N
21	104	\N	\N
26	104	\N	\N
8	104	\N	\N
12	104	\N	\N
21	105	\N	\N
26	105	\N	\N
8	105	\N	\N
12	105	\N	\N
21	106	\N	\N
26	106	\N	\N
8	106	\N	\N
12	106	\N	\N
12	107	\N	\N
8	107	\N	\N
24	107	\N	\N
26	107	\N	\N
26	108	\N	\N
8	108	\N	\N
24	108	\N	\N
31	108	\N	\N
9	108	\N	\N
12	109	\N	\N
3	109	\N	\N
82	109	\N	\N
18	109	\N	\N
13	109	\N	\N
21	110	\N	\N
8	110	\N	\N
10	110	\N	\N
12	110	\N	\N
26	111	\N	\N
84	111	\N	\N
29	111	\N	\N
9	111	\N	\N
21	112	\N	\N
8	112	\N	\N
10	112	\N	\N
12	112	\N	\N
26	113	\N	\N
84	113	\N	\N
29	113	\N	\N
9	113	\N	\N
21	114	\N	\N
29	114	\N	\N
8	114	\N	\N
14	114	\N	\N
14	115	\N	\N
29	115	\N	\N
8	115	\N	\N
26	116	\N	\N
21	116	\N	\N
22	116	\N	\N
23	117	\N	\N
30	117	\N	\N
27	117	\N	\N
26	118	\N	\N
29	118	\N	\N
14	118	\N	\N
27	118	\N	\N
30	118	\N	\N
8	118	\N	\N
23	118	\N	\N
21	118	\N	\N
22	118	\N	\N
9	118	\N	\N
18	118	\N	\N
32	118	\N	\N
26	119	\N	\N
21	119	\N	\N
8	119	\N	\N
17	119	\N	\N
23	119	\N	\N
8	120	\N	\N
26	120	\N	\N
12	120	\N	\N
21	120	\N	\N
26	121	\N	\N
8	121	\N	\N
17	121	\N	\N
23	121	\N	\N
21	121	\N	\N
20	121	\N	\N
24	121	\N	\N
\.


--
-- Data for Name: user_season; Type: TABLE DATA; Schema: public; Owner: poktwcytjzkyew
--

COPY public.user_season (user_id, season_id, season_first_date, orderz) FROM stdin;
26	60	2023-10-15 10:36:58.998946+00	\N
26	93	2023-10-15 14:29:51.66517+00	1
8	93	2023-10-15 13:17:04.532902+00	2
8	59	2023-10-15 10:01:56.054786+00	2
26	59	2023-10-15 10:58:45.214139+00	3
12	59	2023-10-15 10:35:57.069131+00	4
8	60	2023-10-15 11:56:12.406603+00	\N
24	93	2023-10-18 19:28:24.71789+00	3
21	60	2023-10-15 12:04:16.208399+00	\N
31	93	2023-10-19 08:03:52.109218+00	4
9	93	2023-10-19 08:23:29.378103+00	5
12	93	2023-10-15 14:32:06.417101+00	6
3	93	2023-10-19 08:19:21.255514+00	7
82	93	2023-10-19 08:08:16.439386+00	8
18	93	2023-10-19 08:22:45.185044+00	9
13	93	2023-10-19 08:22:13.743234+00	10
21	59	2023-10-18 13:41:00.712625+00	\N
17	95	2023-10-24 21:24:00.691392+00	1
8	95	2023-10-26 07:22:36.722685+00	2
26	95	2023-10-24 20:26:43.317885+00	3
23	95	2023-10-24 22:05:18.001887+00	4
21	95	2023-10-24 22:18:31.323299+00	5
6	93	2023-10-19 08:54:59.284003+00	\N
23	93	2023-10-19 08:58:25.491684+00	\N
20	95	2023-10-25 07:12:44.2952+00	6
2	1	2023-01-16 13:29:42+00	1
14	1	2023-01-16 13:29:42+00	2
6	1	2023-01-16 13:29:42+00	3
3	1	2023-01-16 13:29:42+00	4
30	1	\N	5
12	1	2023-01-16 13:29:42+00	6
28	1	\N	7
8	1	2023-01-16 13:29:42+00	8
19	1	2023-01-16 13:29:42+00	9
82	1	2023-01-16 13:29:42+00	10
11	1	2023-01-16 13:29:42+00	11
1	1	2023-01-16 13:29:42+00	12
15	1	2023-01-16 13:29:42+00	13
83	1	2023-01-16 13:29:42+00	14
16	1	2023-01-16 13:29:42+00	15
23	1	2023-01-16 13:29:42+00	16
25	1	2023-01-16 13:29:42+00	17
7	1	2023-01-16 13:29:42+00	18
10	1	2023-01-16 13:29:42+00	19
5	1	2023-01-16 13:29:42+00	20
26	58	2023-10-19 22:32:16.923735+00	1
14	58	2023-10-19 22:25:06.76806+00	2
27	58	2023-10-20 18:39:23.562341+00	3
30	58	2023-10-20 18:38:20.096663+00	4
8	58	2023-10-21 08:27:52.38778+00	6
21	58	2023-10-20 10:06:39.000848+00	7
78	58	2023-10-20 22:25:11.978477+00	8
22	58	2023-10-20 18:36:13.896761+00	9
9	58	2023-10-20 18:49:39.479387+00	10
32	58	2023-10-20 19:42:01.76191+00	11
29	58	2023-10-19 22:24:32.536568+00	12
\.


--
-- Name: category_id_seq; Type: SEQUENCE SET; Schema: public; Owner: poktwcytjzkyew
--

SELECT pg_catalog.setval('public.category_id_seq', 1, false);


--
-- Name: duel_id_seq; Type: SEQUENCE SET; Schema: public; Owner: poktwcytjzkyew
--

SELECT pg_catalog.setval('public.duel_id_seq', 250, true);


--
-- Name: duel_id_seq1; Type: SEQUENCE SET; Schema: public; Owner: poktwcytjzkyew
--

SELECT pg_catalog.setval('public.duel_id_seq1', 1032, true);


--
-- Name: events_id_seq; Type: SEQUENCE SET; Schema: public; Owner: poktwcytjzkyew
--

SELECT pg_catalog.setval('public.events_id_seq', 1, false);


--
-- Name: groupz_id_seq; Type: SEQUENCE SET; Schema: public; Owner: poktwcytjzkyew
--

SELECT pg_catalog.setval('public.groupz_id_seq', 22, true);


--
-- Name: groupz_id_seq1; Type: SEQUENCE SET; Schema: public; Owner: poktwcytjzkyew
--

SELECT pg_catalog.setval('public.groupz_id_seq1', 121, true);


--
-- Name: measures_measure_id_seq; Type: SEQUENCE SET; Schema: public; Owner: poktwcytjzkyew
--

SELECT pg_catalog.setval('public.measures_measure_id_seq', 4, true);


--
-- Name: member_id_seq; Type: SEQUENCE SET; Schema: public; Owner: poktwcytjzkyew
--

SELECT pg_catalog.setval('public.member_id_seq', 1, false);


--
-- Name: note_id_seq; Type: SEQUENCE SET; Schema: public; Owner: poktwcytjzkyew
--

SELECT pg_catalog.setval('public.note_id_seq', 1, false);


--
-- Name: openhour_id_seq; Type: SEQUENCE SET; Schema: public; Owner: poktwcytjzkyew
--

SELECT pg_catalog.setval('public.openhour_id_seq', 1, false);


--
-- Name: order_id_seq; Type: SEQUENCE SET; Schema: public; Owner: poktwcytjzkyew
--

SELECT pg_catalog.setval('public.order_id_seq', 148, true);


--
-- Name: payment_cards_id_seq; Type: SEQUENCE SET; Schema: public; Owner: poktwcytjzkyew
--

SELECT pg_catalog.setval('public.payment_cards_id_seq', 5, true);


--
-- Name: payment_method_id_seq; Type: SEQUENCE SET; Schema: public; Owner: poktwcytjzkyew
--

SELECT pg_catalog.setval('public.payment_method_id_seq', 1, false);


--
-- Name: position_id_seq; Type: SEQUENCE SET; Schema: public; Owner: poktwcytjzkyew
--

SELECT pg_catalog.setval('public.position_id_seq', 1, false);


--
-- Name: post_gallery_id_seq; Type: SEQUENCE SET; Schema: public; Owner: poktwcytjzkyew
--

SELECT pg_catalog.setval('public.post_gallery_id_seq', 1, false);


--
-- Name: post_id_seq; Type: SEQUENCE SET; Schema: public; Owner: poktwcytjzkyew
--

SELECT pg_catalog.setval('public.post_id_seq', 1, false);


--
-- Name: product_category_id_seq; Type: SEQUENCE SET; Schema: public; Owner: poktwcytjzkyew
--

SELECT pg_catalog.setval('public.product_category_id_seq', 1, false);


--
-- Name: product_gallery_id_seq; Type: SEQUENCE SET; Schema: public; Owner: poktwcytjzkyew
--

SELECT pg_catalog.setval('public.product_gallery_id_seq', 1, false);


--
-- Name: product_id_seq; Type: SEQUENCE SET; Schema: public; Owner: poktwcytjzkyew
--

SELECT pg_catalog.setval('public.product_id_seq', 47, true);


--
-- Name: role_id_seq; Type: SEQUENCE SET; Schema: public; Owner: poktwcytjzkyew
--

SELECT pg_catalog.setval('public.role_id_seq', 33, true);


--
-- Name: round_id_seq; Type: SEQUENCE SET; Schema: public; Owner: poktwcytjzkyew
--

SELECT pg_catalog.setval('public.round_id_seq', 36, true);


--
-- Name: season_id_seq; Type: SEQUENCE SET; Schema: public; Owner: poktwcytjzkyew
--

SELECT pg_catalog.setval('public.season_id_seq', 95, true);


--
-- Name: team_id_seq; Type: SEQUENCE SET; Schema: public; Owner: poktwcytjzkyew
--

SELECT pg_catalog.setval('public.team_id_seq', 1, false);


--
-- Name: user_id_seq; Type: SEQUENCE SET; Schema: public; Owner: poktwcytjzkyew
--

SELECT pg_catalog.setval('public.user_id_seq', 84, true);


--
-- Name: user_id_seq2; Type: SEQUENCE SET; Schema: public; Owner: poktwcytjzkyew
--

SELECT pg_catalog.setval('public.user_id_seq2', 1, false);


--
-- Name: category category_pkey; Type: CONSTRAINT; Schema: public; Owner: poktwcytjzkyew
--

ALTER TABLE ONLY public.category
    ADD CONSTRAINT category_pkey PRIMARY KEY (id);


--
-- Name: duel duel_pkey; Type: CONSTRAINT; Schema: public; Owner: poktwcytjzkyew
--

ALTER TABLE ONLY public.duel
    ADD CONSTRAINT duel_pkey PRIMARY KEY (id);


--
-- Name: events events_pkey; Type: CONSTRAINT; Schema: public; Owner: poktwcytjzkyew
--

ALTER TABLE ONLY public.events
    ADD CONSTRAINT events_pkey PRIMARY KEY (id);


--
-- Name: groupz groupz_pkey; Type: CONSTRAINT; Schema: public; Owner: poktwcytjzkyew
--

ALTER TABLE ONLY public.groupz
    ADD CONSTRAINT groupz_pkey PRIMARY KEY (id);


--
-- Name: member member_pkey; Type: CONSTRAINT; Schema: public; Owner: poktwcytjzkyew
--

ALTER TABLE ONLY public.member
    ADD CONSTRAINT member_pkey PRIMARY KEY (id);


--
-- Name: note note_pkey; Type: CONSTRAINT; Schema: public; Owner: poktwcytjzkyew
--

ALTER TABLE ONLY public.note
    ADD CONSTRAINT note_pkey PRIMARY KEY (id);


--
-- Name: openhour openhour_pkey; Type: CONSTRAINT; Schema: public; Owner: poktwcytjzkyew
--

ALTER TABLE ONLY public.openhour
    ADD CONSTRAINT openhour_pkey PRIMARY KEY (id);


--
-- Name: order order_pkey; Type: CONSTRAINT; Schema: public; Owner: poktwcytjzkyew
--

ALTER TABLE ONLY public."order"
    ADD CONSTRAINT order_pkey PRIMARY KEY (id);


--
-- Name: payment_cards payment_cards_pkey; Type: CONSTRAINT; Schema: public; Owner: poktwcytjzkyew
--

ALTER TABLE ONLY public.payment_cards
    ADD CONSTRAINT payment_cards_pkey PRIMARY KEY (id);


--
-- Name: payment_method payment_method_pkey; Type: CONSTRAINT; Schema: public; Owner: poktwcytjzkyew
--

ALTER TABLE ONLY public.payment_method
    ADD CONSTRAINT payment_method_pkey PRIMARY KEY (id);


--
-- Name: position position_name_key; Type: CONSTRAINT; Schema: public; Owner: poktwcytjzkyew
--

ALTER TABLE ONLY public."position"
    ADD CONSTRAINT position_name_key UNIQUE (name);


--
-- Name: position position_pkey; Type: CONSTRAINT; Schema: public; Owner: poktwcytjzkyew
--

ALTER TABLE ONLY public."position"
    ADD CONSTRAINT position_pkey PRIMARY KEY (id);


--
-- Name: post_gallery post_gallery_pkey; Type: CONSTRAINT; Schema: public; Owner: poktwcytjzkyew
--

ALTER TABLE ONLY public.post_gallery
    ADD CONSTRAINT post_gallery_pkey PRIMARY KEY (id);


--
-- Name: post post_pkey; Type: CONSTRAINT; Schema: public; Owner: poktwcytjzkyew
--

ALTER TABLE ONLY public.post
    ADD CONSTRAINT post_pkey PRIMARY KEY (id);


--
-- Name: product_category product_category_pkey; Type: CONSTRAINT; Schema: public; Owner: poktwcytjzkyew
--

ALTER TABLE ONLY public.product_category
    ADD CONSTRAINT product_category_pkey PRIMARY KEY (id);


--
-- Name: product_gallery product_gallery_pkey; Type: CONSTRAINT; Schema: public; Owner: poktwcytjzkyew
--

ALTER TABLE ONLY public.product_gallery
    ADD CONSTRAINT product_gallery_pkey PRIMARY KEY (id);


--
-- Name: product product_pkey; Type: CONSTRAINT; Schema: public; Owner: poktwcytjzkyew
--

ALTER TABLE ONLY public.product
    ADD CONSTRAINT product_pkey PRIMARY KEY (id);


--
-- Name: role role_name_key; Type: CONSTRAINT; Schema: public; Owner: poktwcytjzkyew
--

ALTER TABLE ONLY public.role
    ADD CONSTRAINT role_name_key UNIQUE (name);


--
-- Name: role role_pkey; Type: CONSTRAINT; Schema: public; Owner: poktwcytjzkyew
--

ALTER TABLE ONLY public.role
    ADD CONSTRAINT role_pkey PRIMARY KEY (id);


--
-- Name: round round_pkey; Type: CONSTRAINT; Schema: public; Owner: poktwcytjzkyew
--

ALTER TABLE ONLY public.round
    ADD CONSTRAINT round_pkey PRIMARY KEY (id);


--
-- Name: season season_name_key; Type: CONSTRAINT; Schema: public; Owner: poktwcytjzkyew
--

ALTER TABLE ONLY public.season
    ADD CONSTRAINT season_name_key UNIQUE (name);


--
-- Name: season season_pkey; Type: CONSTRAINT; Schema: public; Owner: poktwcytjzkyew
--

ALTER TABLE ONLY public.season
    ADD CONSTRAINT season_pkey PRIMARY KEY (id);


--
-- Name: team team_pkey; Type: CONSTRAINT; Schema: public; Owner: poktwcytjzkyew
--

ALTER TABLE ONLY public.team
    ADD CONSTRAINT team_pkey PRIMARY KEY (id);


--
-- Name: user user_email_key; Type: CONSTRAINT; Schema: public; Owner: poktwcytjzkyew
--

ALTER TABLE ONLY public."user"
    ADD CONSTRAINT user_email_key UNIQUE (email);


--
-- Name: user user_pkey; Type: CONSTRAINT; Schema: public; Owner: poktwcytjzkyew
--

ALTER TABLE ONLY public."user"
    ADD CONSTRAINT user_pkey PRIMARY KEY (id);


--
-- Name: duel duel_round_id_fkey; Type: FK CONSTRAINT; Schema: public; Owner: poktwcytjzkyew
--

ALTER TABLE ONLY public.duel
    ADD CONSTRAINT duel_round_id_fkey FOREIGN KEY (round_id) REFERENCES public.round(id);


--
-- Name: duel duel_season_id_fkey; Type: FK CONSTRAINT; Schema: public; Owner: poktwcytjzkyew
--

ALTER TABLE ONLY public.duel
    ADD CONSTRAINT duel_season_id_fkey FOREIGN KEY (season_id) REFERENCES public.season(id);


--
-- Name: events events_user_id_fkey; Type: FK CONSTRAINT; Schema: public; Owner: poktwcytjzkyew
--

ALTER TABLE ONLY public.events
    ADD CONSTRAINT events_user_id_fkey FOREIGN KEY (user_id) REFERENCES public."user"(id);


--
-- Name: groupz groupz_round_id_fkey; Type: FK CONSTRAINT; Schema: public; Owner: poktwcytjzkyew
--

ALTER TABLE ONLY public.groupz
    ADD CONSTRAINT groupz_round_id_fkey FOREIGN KEY (round_id) REFERENCES public.round(id);


--
-- Name: groupz groupz_season_id_fkey; Type: FK CONSTRAINT; Schema: public; Owner: poktwcytjzkyew
--

ALTER TABLE ONLY public.groupz
    ADD CONSTRAINT groupz_season_id_fkey FOREIGN KEY (season_id) REFERENCES public.season(id);


--
-- Name: member member_user_id_fkey; Type: FK CONSTRAINT; Schema: public; Owner: poktwcytjzkyew
--

ALTER TABLE ONLY public.member
    ADD CONSTRAINT member_user_id_fkey FOREIGN KEY (user_id) REFERENCES public."user"(id);


--
-- Name: note note_user_id_fkey; Type: FK CONSTRAINT; Schema: public; Owner: poktwcytjzkyew
--

ALTER TABLE ONLY public.note
    ADD CONSTRAINT note_user_id_fkey FOREIGN KEY (user_id) REFERENCES public."user"(id);


--
-- Name: openhour openhour_duel_id_fkey; Type: FK CONSTRAINT; Schema: public; Owner: poktwcytjzkyew
--

ALTER TABLE ONLY public.openhour
    ADD CONSTRAINT openhour_duel_id_fkey FOREIGN KEY (duel_id) REFERENCES public.duel(id);


--
-- Name: order order_produc_id_fkey; Type: FK CONSTRAINT; Schema: public; Owner: poktwcytjzkyew
--

ALTER TABLE ONLY public."order"
    ADD CONSTRAINT order_produc_id_fkey FOREIGN KEY (produc_id) REFERENCES public.product(id);


--
-- Name: order order_user_id_fkey; Type: FK CONSTRAINT; Schema: public; Owner: poktwcytjzkyew
--

ALTER TABLE ONLY public."order"
    ADD CONSTRAINT order_user_id_fkey FOREIGN KEY (user_id) REFERENCES public."user"(id);


--
-- Name: payment_cards payment_cards_user_id_fkey; Type: FK CONSTRAINT; Schema: public; Owner: poktwcytjzkyew
--

ALTER TABLE ONLY public.payment_cards
    ADD CONSTRAINT payment_cards_user_id_fkey FOREIGN KEY (user_id) REFERENCES public."user"(id);


--
-- Name: payment_method payment_method_user_id_fkey; Type: FK CONSTRAINT; Schema: public; Owner: poktwcytjzkyew
--

ALTER TABLE ONLY public.payment_method
    ADD CONSTRAINT payment_method_user_id_fkey FOREIGN KEY (user_id) REFERENCES public."user"(id);


--
-- Name: positions_members positions_members_member_id_fkey; Type: FK CONSTRAINT; Schema: public; Owner: poktwcytjzkyew
--

ALTER TABLE ONLY public.positions_members
    ADD CONSTRAINT positions_members_member_id_fkey FOREIGN KEY (member_id) REFERENCES public.member(id);


--
-- Name: positions_members positions_members_position_id_fkey; Type: FK CONSTRAINT; Schema: public; Owner: poktwcytjzkyew
--

ALTER TABLE ONLY public.positions_members
    ADD CONSTRAINT positions_members_position_id_fkey FOREIGN KEY (position_id) REFERENCES public."position"(id);


--
-- Name: post post_category_id_fkey; Type: FK CONSTRAINT; Schema: public; Owner: poktwcytjzkyew
--

ALTER TABLE ONLY public.post
    ADD CONSTRAINT post_category_id_fkey FOREIGN KEY (category_id) REFERENCES public.category(id);


--
-- Name: post_gallery post_gallery_post_id_fkey; Type: FK CONSTRAINT; Schema: public; Owner: poktwcytjzkyew
--

ALTER TABLE ONLY public.post_gallery
    ADD CONSTRAINT post_gallery_post_id_fkey FOREIGN KEY (post_id) REFERENCES public.post(id);


--
-- Name: post post_user_id_fkey; Type: FK CONSTRAINT; Schema: public; Owner: poktwcytjzkyew
--

ALTER TABLE ONLY public.post
    ADD CONSTRAINT post_user_id_fkey FOREIGN KEY (user_id) REFERENCES public."user"(id);


--
-- Name: product_gallery product_gallery_product_id_fkey; Type: FK CONSTRAINT; Schema: public; Owner: poktwcytjzkyew
--

ALTER TABLE ONLY public.product_gallery
    ADD CONSTRAINT product_gallery_product_id_fkey FOREIGN KEY (product_id) REFERENCES public.product(id);


--
-- Name: product product_product_category_id_fkey; Type: FK CONSTRAINT; Schema: public; Owner: poktwcytjzkyew
--

ALTER TABLE ONLY public.product
    ADD CONSTRAINT product_product_category_id_fkey FOREIGN KEY (product_category_id) REFERENCES public.product_category(id);


--
-- Name: product product_user_id_fkey; Type: FK CONSTRAINT; Schema: public; Owner: poktwcytjzkyew
--

ALTER TABLE ONLY public.product
    ADD CONSTRAINT product_user_id_fkey FOREIGN KEY (user_id) REFERENCES public."user"(id);


--
-- Name: roles_members roles_members_member_id_fkey; Type: FK CONSTRAINT; Schema: public; Owner: poktwcytjzkyew
--

ALTER TABLE ONLY public.roles_members
    ADD CONSTRAINT roles_members_member_id_fkey FOREIGN KEY (member_id) REFERENCES public.member(id);


--
-- Name: roles_members roles_members_role_id_fkey; Type: FK CONSTRAINT; Schema: public; Owner: poktwcytjzkyew
--

ALTER TABLE ONLY public.roles_members
    ADD CONSTRAINT roles_members_role_id_fkey FOREIGN KEY (role_id) REFERENCES public.role(id);


--
-- Name: roles_users roles_users_role_id_fkey; Type: FK CONSTRAINT; Schema: public; Owner: poktwcytjzkyew
--

ALTER TABLE ONLY public.roles_users
    ADD CONSTRAINT roles_users_role_id_fkey FOREIGN KEY (role_id) REFERENCES public.role(id);


--
-- Name: roles_users roles_users_user_id_fkey; Type: FK CONSTRAINT; Schema: public; Owner: poktwcytjzkyew
--

ALTER TABLE ONLY public.roles_users
    ADD CONSTRAINT roles_users_user_id_fkey FOREIGN KEY (user_id) REFERENCES public."user"(id);


--
-- Name: round round_season_id_fkey; Type: FK CONSTRAINT; Schema: public; Owner: poktwcytjzkyew
--

ALTER TABLE ONLY public.round
    ADD CONSTRAINT round_season_id_fkey FOREIGN KEY (season_id) REFERENCES public.season(id);


--
-- Name: season season_user_id_fkey; Type: FK CONSTRAINT; Schema: public; Owner: poktwcytjzkyew
--

ALTER TABLE ONLY public.season
    ADD CONSTRAINT season_user_id_fkey FOREIGN KEY (user_id) REFERENCES public."user"(id);


--
-- Name: teams_members teams_members_member_id_fkey; Type: FK CONSTRAINT; Schema: public; Owner: poktwcytjzkyew
--

ALTER TABLE ONLY public.teams_members
    ADD CONSTRAINT teams_members_member_id_fkey FOREIGN KEY (member_id) REFERENCES public.member(id);


--
-- Name: teams_members teams_members_team_id_fkey; Type: FK CONSTRAINT; Schema: public; Owner: poktwcytjzkyew
--

ALTER TABLE ONLY public.teams_members
    ADD CONSTRAINT teams_members_team_id_fkey FOREIGN KEY (team_id) REFERENCES public.team(id);


--
-- Name: user_duel user_duel_duel_id_fkey; Type: FK CONSTRAINT; Schema: public; Owner: poktwcytjzkyew
--

ALTER TABLE ONLY public.user_duel
    ADD CONSTRAINT user_duel_duel_id_fkey FOREIGN KEY (duel_id) REFERENCES public.duel(id);


--
-- Name: user_duel user_duel_user_id_fkey; Type: FK CONSTRAINT; Schema: public; Owner: poktwcytjzkyew
--

ALTER TABLE ONLY public.user_duel
    ADD CONSTRAINT user_duel_user_id_fkey FOREIGN KEY (user_id) REFERENCES public."user"(id);


--
-- Name: user_group user_group_groupz_id_fkey; Type: FK CONSTRAINT; Schema: public; Owner: poktwcytjzkyew
--

ALTER TABLE ONLY public.user_group
    ADD CONSTRAINT user_group_groupz_id_fkey FOREIGN KEY (groupz_id) REFERENCES public.groupz(id);


--
-- Name: user_group user_group_round_id_fkey; Type: FK CONSTRAINT; Schema: public; Owner: poktwcytjzkyew
--

ALTER TABLE ONLY public.user_group
    ADD CONSTRAINT user_group_round_id_fkey FOREIGN KEY (round_id) REFERENCES public.round(id);


--
-- Name: user_group user_group_season_id_fkey; Type: FK CONSTRAINT; Schema: public; Owner: poktwcytjzkyew
--

ALTER TABLE ONLY public.user_group
    ADD CONSTRAINT user_group_season_id_fkey FOREIGN KEY (season_id) REFERENCES public.season(id);


--
-- Name: user_group user_group_user_id_fkey; Type: FK CONSTRAINT; Schema: public; Owner: poktwcytjzkyew
--

ALTER TABLE ONLY public.user_group
    ADD CONSTRAINT user_group_user_id_fkey FOREIGN KEY (user_id) REFERENCES public."user"(id);


--
-- Name: user_season user_season_season_id_fkey; Type: FK CONSTRAINT; Schema: public; Owner: poktwcytjzkyew
--

ALTER TABLE ONLY public.user_season
    ADD CONSTRAINT user_season_season_id_fkey FOREIGN KEY (season_id) REFERENCES public.season(id);


--
-- Name: user_season user_season_user_id_fkey; Type: FK CONSTRAINT; Schema: public; Owner: poktwcytjzkyew
--

ALTER TABLE ONLY public.user_season
    ADD CONSTRAINT user_season_user_id_fkey FOREIGN KEY (user_id) REFERENCES public."user"(id);


--
-- Name: SCHEMA heroku_ext; Type: ACL; Schema: -; Owner: u30jq5j7d9q8pu
--

GRANT USAGE ON SCHEMA heroku_ext TO poktwcytjzkyew;


--
-- Name: SCHEMA public; Type: ACL; Schema: -; Owner: poktwcytjzkyew
--

REVOKE USAGE ON SCHEMA public FROM PUBLIC;
GRANT ALL ON SCHEMA public TO PUBLIC;


--
-- Name: LANGUAGE plpgsql; Type: ACL; Schema: -; Owner: postgres
--

GRANT ALL ON LANGUAGE plpgsql TO poktwcytjzkyew;


--
-- Name: FUNCTION pg_stat_statements_reset(userid oid, dbid oid, queryid bigint); Type: ACL; Schema: heroku_ext; Owner: u30jq5j7d9q8pu
--

GRANT ALL ON FUNCTION heroku_ext.pg_stat_statements_reset(userid oid, dbid oid, queryid bigint) TO poktwcytjzkyew;


--
-- PostgreSQL database dump complete
--

